{"type":"FeatureCollection","features":[{"type":"Feature","id":"f14092d3-ec69-4a53-875d-e370123f132b","geometry":{"type":"Polygon","coordinates":[[[38649, 80966],[38649, 81015],[38649, 81074],[38649, 81093],[38649, 81113],[38649, 81123],[38659, 81132],[38669, 81132],[38679, 81142],[38688, 81142],[38688, 81152],[38708, 81181],[38708, 81211],[38708, 81230],[38718, 81250],[38718, 81260],[38728, 81279],[38728, 81289],[38728, 81319],[38728, 81348],[38728, 81358],[38728, 81387],[38728, 81397],[38728, 81417],[38728, 81436],[38728, 81446],[38728, 81456],[38728, 81466],[38728, 81476],[38728, 81485],[38737, 81515],[38737, 81525],[38737, 81534],[38737, 81544],[38747, 81564],[38757, 81564],[38757, 81574],[38767, 81583],[38767, 81623],[38767, 81633],[38767, 81662],[38767, 81672],[38767, 81691],[38767, 81701],[38767, 81711],[38767, 81740],[38757, 81780],[38747, 81799],[38747, 81809],[38747, 81819],[38718, 81868],[38708, 81907],[38708, 81927],[38708, 81937],[38708, 81966],[38708, 81976],[38698, 81995],[38698, 82005],[38698, 82015],[38698, 82025],[38688, 82044],[38688, 82054],[38688, 82064],[38679, 82084],[38679, 82093],[38679, 82113],[38669, 82133],[38669, 82152],[38669, 82172],[38669, 82182],[38669, 82192],[38679, 82192],[38688, 82201],[38698, 82201],[38728, 82231],[38767, 82260],[38806, 82290],[38845, 82319],[38865, 82329],[38973, 82329],[39041, 82319],[39071, 82309],[39110, 82299],[39140, 82280],[39149, 82280],[39169, 82270],[39189, 82270],[39218, 82250],[39238, 82241],[39277, 82231],[39287, 82221],[39375, 82221],[39404, 82211],[39414, 82211],[39434, 82201],[39463, 82182],[39581, 82143],[39649, 82123],[39699, 82113],[39728, 82113],[39728, 82103],[39816, 82044],[39885, 82025],[39944, 82005],[39963, 81995],[39963, 81986],[39963, 81976],[39963, 81966],[39954, 81966],[39944, 81956],[40042, 81956],[40042, 81927],[40052, 81907],[40061, 81897],[40061, 81888],[40003, 81946],[39983, 81937],[39963, 81888],[39963, 81848],[39963, 81829],[39954, 81819],[39944, 81809],[39924, 81780],[39914, 81750],[39895, 81740],[39885, 81740],[39885, 81731],[39865, 81711],[39855, 81701],[39836, 81672],[39826, 81662],[39806, 81652],[39797, 81633],[39777, 81623],[39767, 81613],[39757, 81613],[39748, 81603],[39738, 81593],[39728, 81583],[39718, 81574],[39708, 81574],[39679, 81534],[39640, 81485],[39630, 81466],[39620, 81456],[39620, 81446],[39610, 81436],[39610, 81427],[39591, 81397],[39591, 81378],[39571, 81358],[39571, 81329],[39561, 81319],[39542, 81279],[39542, 81270],[39532, 81250],[39532, 81240],[39512, 81211],[39502, 81181],[39493, 81152],[39473, 81113],[39463, 81083],[39463, 81074],[39463, 81064],[39463, 81054],[39463, 81044],[39463, 81015],[39463, 80985],[39463, 80956],[39463, 80917],[39463, 80897],[39473, 80868],[39483, 80848],[39483, 80828],[39493, 80809],[39512, 80770],[39542, 80701],[39571, 80671],[39581, 80642],[39591, 80603],[39591, 80573],[39591, 80544],[39600, 80524],[39610, 80465],[39620, 80456],[39620, 80436],[39630, 80416],[39630, 80407],[39630, 80397],[39640, 80377],[39640, 80367],[39640, 80348],[39640, 80328],[39640, 80309],[39640, 80299],[39630, 80289],[39610, 80289],[39610, 80279],[39561, 80279],[39512, 80338],[39473, 80367],[39463, 80387],[39444, 80407],[39434, 80407],[39434, 80416],[39424, 80426],[39375, 80446],[39345, 80475],[39316, 80495],[39296, 80495],[39277, 80505],[39198, 80505],[39179, 80515],[39169, 80544],[39159, 80564],[39149, 80583],[39149, 80603],[39140, 80613],[39120, 80642],[39110, 80662],[39100, 80671],[39090, 80691],[39081, 80701],[39081, 80730],[39071, 80740],[39061, 80750],[39051, 80770],[39041, 80789],[39041, 80799],[39041, 80809],[39041, 80819],[39032, 80838],[39032, 80848],[39032, 80858],[39032, 80868],[39032, 80877],[39022, 80887],[39022, 80897],[39022, 80907],[39012, 80917],[39012, 80926],[39002, 80926],[38953, 80956],[38904, 80975],[38875, 80995],[38865, 81005],[38747, 81005],[38737, 80995],[38718, 80995],[38698, 80985],[38688, 80975],[38669, 80975],[38669, 80966],[38649, 80966]]]},"properties":{"objectType":"annotation","name":"IS"}},{"type":"Feature","id":"633534de-ab6c-43fd-8ad9-d7c1ade78edd","geometry":{"type":"Polygon","coordinates":[[[50561, 47918],[50561, 47928],[50561, 47934],[50561, 47944],[50563, 47954],[50563, 47968],[50563, 47974],[50565, 47983],[50565, 47987],[50567, 47989],[50567, 47997],[50567, 47999],[50571, 48005],[50573, 48013],[50575, 48015],[50575, 48019],[50575, 48025],[50575, 48031],[50575, 48041],[50573, 48052],[50573, 48062],[50573, 48068],[50573, 48078],[50573, 48088],[50573, 48094],[50573, 48102],[50573, 48109],[50577, 48119],[50579, 48131],[50585, 48147],[50591, 48169],[50597, 48182],[50607, 48194],[50613, 48202],[50622, 48210],[50636, 48218],[50646, 48224],[50654, 48226],[50764, 48226],[50774, 48224],[50780, 48224],[50786, 48222],[50869, 48222],[50890, 48220],[50912, 48220],[50924, 48218],[50947, 48218],[50955, 48220],[50963, 48222],[50965, 48222],[50971, 48228],[50975, 48234],[50981, 48239],[50985, 48245],[50993, 48253],[51002, 48259],[51008, 48259],[51008, 48257],[51010, 48255],[51012, 48253],[51016, 48249],[51018, 48247],[51018, 48243],[51020, 48241],[51022, 48239],[51024, 48237],[51026, 48234],[51026, 48230],[51028, 48228],[51030, 48226],[51032, 48226],[51032, 48224],[51034, 48222],[51034, 48220],[51034, 48218],[51036, 48216],[51036, 48214],[51038, 48210],[51040, 48204],[51040, 48202],[51040, 48198],[51040, 48194],[51040, 48190],[51040, 48186],[51040, 48182],[51040, 48180],[51040, 48178],[51040, 48174],[51042, 48171],[51042, 48169],[51042, 48167],[51042, 48163],[51042, 48161],[51042, 48157],[51042, 48153],[51042, 48149],[51042, 48145],[51042, 48139],[51042, 48135],[51042, 48129],[51042, 48123],[51040, 48117],[51040, 48113],[51038, 48106],[51038, 48104],[51036, 48100],[51034, 48094],[51030, 48086],[51028, 48082],[51028, 48080],[51026, 48078],[51024, 48074],[51022, 48074],[51020, 48070],[51016, 48066],[51010, 48064],[51008, 48060],[51004, 48058],[50999, 48054],[50995, 48050],[50991, 48046],[50987, 48041],[50983, 48037],[50977, 48033],[50975, 48031],[50967, 48023],[50959, 48013],[50957, 48009],[50955, 48005],[50951, 48001],[50949, 47995],[50945, 47991],[50941, 47981],[50939, 47976],[50937, 47972],[50934, 47970],[50932, 47968],[50930, 47964],[50928, 47962],[50926, 47960],[50924, 47958],[50920, 47956],[50918, 47954],[50912, 47952],[50906, 47950],[50898, 47948],[50894, 47946],[50890, 47944],[50884, 47940],[50880, 47938],[50874, 47932],[50871, 47930],[50869, 47926],[50867, 47924],[50865, 47922],[50865, 47918],[50865, 47915],[50865, 47913],[50865, 47909],[50865, 47905],[50863, 47905],[50863, 47901],[50863, 47897],[50861, 47895],[50857, 47889],[50855, 47887],[50851, 47883],[50849, 47881],[50847, 47879],[50841, 47877],[50837, 47875],[50833, 47871],[50829, 47871],[50823, 47867],[50817, 47861],[50813, 47859],[50811, 47859],[50802, 47857],[50798, 47857],[50788, 47855],[50780, 47855],[50776, 47853],[50768, 47853],[50758, 47850],[50746, 47848],[50731, 47846],[50715, 47846],[50709, 47848],[50699, 47850],[50674, 47853],[50656, 47857],[50636, 47861],[50628, 47861],[50620, 47863],[50605, 47865],[50595, 47865],[50593, 47867],[50591, 47869],[50587, 47873],[50585, 47873],[50577, 47883],[50577, 47885],[50573, 47891],[50571, 47893],[50567, 47899],[50565, 47905],[50563, 47911],[50561, 47918]]]},"properties":{"objectType":"annotation","name":"GC"}},{"type":"Feature","id":"d720db4b-fb20-46aa-8418-f8ee3f774022","geometry":{"type":"Polygon","coordinates":[[[57372, 58116],[57372, 58143],[57372, 58170],[57372, 58197],[57372, 58224],[57372, 58241],[57377, 58264],[57381, 58282],[57390, 58304],[57395, 58335],[57399, 58349],[57403, 58366],[57412, 58398],[57417, 58407],[57417, 58420],[57426, 58420],[57426, 58424],[57444, 58429],[57466, 58429],[57493, 58424],[57524, 58407],[57546, 58389],[57564, 58371],[57578, 58358],[57586, 58349],[57595, 58344],[57609, 58331],[57627, 58322],[57649, 58313],[57667, 58308],[57694, 58304],[57720, 58299],[57796, 58299],[57814, 58304],[57836, 58317],[57868, 58331],[57881, 58335],[57903, 58344],[57921, 58349],[57939, 58358],[57966, 58366],[57975, 58371],[57993, 58380],[58011, 58389],[58033, 58393],[58064, 58402],[58086, 58407],[58122, 58411],[58158, 58416],[58189, 58420],[58220, 58424],[58247, 58429],[58252, 58433],[58256, 58433],[58265, 58438],[58274, 58447],[58292, 58451],[58314, 58465],[58327, 58469],[58336, 58478],[58345, 58487],[58354, 58496],[58359, 58505],[58363, 58514],[58377, 58532],[58390, 58545],[58403, 58567],[58408, 58581],[58412, 58590],[58421, 58603],[58435, 58612],[58439, 58625],[58452, 58634],[58466, 58639],[58475, 58652],[58497, 58661],[58511, 58670],[58524, 58670],[58533, 58674],[58698, 58674],[58734, 58679],[58743, 58679],[58756, 58688],[58765, 58692],[58783, 58701],[58801, 58710],[58819, 58719],[58827, 58728],[58845, 58750],[58859, 58773],[58881, 58795],[58894, 58817],[58912, 58849],[58930, 58880],[58948, 58902],[58966, 58924],[58984, 58942],[59006, 58956],[59019, 58969],[59024, 58974],[59037, 58991],[59046, 59005],[59060, 59014],[59073, 59027],[59086, 59036],[59100, 59045],[59127, 59045],[59144, 59040],[59158, 59027],[59162, 59023],[59167, 59009],[59171, 59005],[59180, 58991],[59185, 58987],[59189, 58974],[59193, 58969],[59198, 58965],[59198, 58960],[59198, 58956],[59202, 58956],[59202, 58951],[59216, 58933],[59220, 58924],[59225, 58920],[59225, 58916],[59229, 58911],[59238, 58907],[59243, 58902],[59247, 58898],[59256, 58893],[59260, 58893],[59260, 58889],[59278, 58889],[59282.5, 58886.5],[59287, 58875],[59292, 58862],[59292, 58853],[59292, 58840],[59292, 58822],[59292, 58808],[59292, 58786],[59292, 58764],[59296, 58737],[59296, 58706],[59296, 58674],[59292, 58648],[59287, 58625],[59283, 58590],[59274, 58527],[59269, 58500],[59260, 58474],[59256, 58456],[59256, 58433],[59252, 58407],[59243, 58375],[59238, 58344],[59238, 58317],[59234, 58295],[59234, 58273],[59234, 58250],[59234, 58224],[59234, 58197],[59234, 58179],[59234, 58170],[59234, 58157],[59229, 58148],[59225, 58130],[59220, 58108],[59216, 58085],[59207, 58058],[59198, 58032],[59193, 58018],[59189, 58009],[59189, 57996],[59180, 57991],[59176, 57983],[59171, 57978],[59171, 57974],[59162, 57951],[59149, 57933],[59140, 57916],[59131, 57902],[59118, 57880],[59113, 57871],[59113, 57862],[59109, 57858],[59100, 57840],[59095, 57822],[59091, 57808],[59082, 57795],[59082, 57782],[59077, 57773],[59068, 57755],[59060, 57737],[59037, 57715],[59033, 57706],[59028, 57697],[59015, 57692],[59010, 57683],[58997, 57675],[58979, 57670],[58957, 57661],[58948, 57657],[58939, 57652],[58935, 57652],[58921, 57648],[58899, 57639],[58845, 57630],[58819, 57625],[58792, 57625],[58774, 57621],[58769, 57621],[58765, 57617],[58747, 57608],[58738, 57603],[58720, 57599],[58707, 57590],[58698, 57585],[58689, 57581],[58671, 57567],[58649, 57554],[58631, 57541],[58618, 57527],[58604, 57518],[58600, 57514],[58582, 57509],[58573, 57500],[58546, 57492],[58515, 57487],[58488, 57478],[58475, 57474],[58457, 57465],[58430, 57465],[58399, 57460],[58359, 57451],[58336, 57447],[58319, 57442],[58296, 57442],[58283, 57438],[58265, 57438],[58256, 57433],[58211, 57433],[58176, 57429],[58082, 57429],[58064, 57425],[57979, 57425],[57970, 57420],[57957, 57416],[57944, 57416],[57930, 57411],[57921, 57407],[57912, 57402],[57908, 57402],[57908, 57398],[57863, 57398],[57854, 57402],[57845, 57407],[57832, 57416],[57823, 57416],[57814, 57425],[57814, 57433],[57805, 57447],[57796, 57451],[57796, 57456],[57787, 57465],[57778, 57469],[57778, 57474],[57770, 57478],[57765, 57483],[57752, 57487],[57738, 57492],[57729, 57496],[57720, 57505],[57707, 57505],[57698, 57514],[57685, 57523],[57662, 57545],[57636, 57563],[57618, 57581],[57600, 57603],[57586, 57625],[57578, 57643],[57569, 57670],[57560, 57692],[57551, 57710],[57546, 57728],[57533, 57755],[57528, 57777],[57515, 57804],[57506, 57826],[57497, 57858],[57488, 57871],[57479, 57880],[57479, 57889],[57475, 57893],[57470, 57898],[57461, 57911],[57457, 57920],[57439, 57942],[57430, 57951],[57426, 57969],[57417, 57974],[57417, 57978],[57412, 57987],[57408, 57991],[57403, 58009],[57399, 58023],[57390, 58045],[57386, 58063],[57381, 58081],[57372, 58116]]]},"properties":{"objectType":"annotation","name":"INV"}},{"type":"Feature","id":"bc561730-9340-4a76-b9d9-634ace8c5ce9","geometry":{"type":"Polygon","coordinates":[[[52460, 50008],[52460, 50025],[52460, 50032],[52460, 50049],[52463, 50073],[52467, 50101],[52474, 50128],[52481, 50159],[52487, 50180],[52505, 50204],[52511, 50214],[52542, 50214],[52553, 50210],[52573, 50210],[52580, 50207],[52587, 50204],[52601, 50200],[52611, 50197],[52611, 50193],[52618, 50193],[52621, 50190],[52628, 50186],[52635, 50180],[52649, 50173],[52656, 50169],[52659, 50166],[52666, 50166],[52673, 50159],[52680, 50159],[52687, 50152],[52690, 50149],[52693, 50145],[52700, 50138],[52704, 50135],[52711, 50128],[52717, 50125],[52717, 50121],[52721, 50118],[52728, 50111],[52728, 50107],[52731, 50101],[52731, 50097],[52738, 50094],[52745, 50087],[52748, 50080],[52755, 50070],[52772, 50053],[52783, 50035],[52796, 50018],[52803, 50008],[52810, 49998],[52814, 49991],[52824, 49984],[52827, 49980],[52834, 49974],[52848, 49967],[52862, 49956],[52869, 49953],[52882, 49946],[52899, 49939],[52910, 49936],[52920, 49932],[52927, 49929],[52930, 49929],[52944, 49925],[52965, 49919],[52992, 49905],[53033, 49888],[53047, 49884],[53051, 49884],[53054, 49881],[53064, 49881],[53078, 49877],[53081, 49877],[53085, 49874],[53092, 49874],[53095, 49871],[53106, 49867],[53112, 49864],[53126, 49857],[53143, 49850],[53143, 49846],[53147, 49846],[53154, 49843],[53157, 49840],[53164, 49836],[53167, 49829],[53174, 49819],[53178, 49802],[53184, 49785],[53188, 49761],[53188, 49737],[53188, 49719],[53188, 49702],[53184, 49682],[53181, 49661],[53178, 49644],[53174, 49630],[53171, 49613],[53167, 49596],[53164, 49575],[53160, 49558],[53157, 49541],[53154, 49517],[53150, 49496],[53147, 49469],[53140, 49448],[53136, 49431],[53133, 49421],[53126, 49410],[53119, 49397],[53109, 49383],[53092, 49373],[53095, 49373],[53109, 49369],[53160, 49369],[53174, 49373],[53191, 49376],[53215, 49383],[53243, 49390],[53301, 49410],[53301, 49414],[53305, 49414],[53308, 49417],[53312, 49424],[53315, 49428],[53325, 49441],[53329, 49448],[53336, 49462],[53342, 49472],[53349, 49496],[53353, 49510],[53356, 49534],[53356, 49555],[53356, 49572],[53356, 49589],[53356, 49599],[53356, 49606],[53356, 49616],[53356, 49623],[53356, 49634],[53356, 49644],[53356, 49661],[53353, 49689],[53353, 49706],[53349, 49716],[53346, 49733],[53342, 49750],[53339, 49771],[53339, 49788],[53339, 49805],[53339, 49826],[53339, 49843],[53339, 49857],[53339, 49881],[53342, 49898],[53342, 49908],[53342, 49925],[53346, 49936],[53349, 49953],[53356, 49970],[53363, 49987],[53370, 50008],[53384, 50025],[53387, 50046],[53394, 50066],[53401, 50107],[53408, 50128],[53411, 50145],[53418, 50169],[53421, 50197],[53428, 50221],[53432, 50238],[53435, 50262],[53439, 50283],[53442, 50310],[53445, 50334],[53449, 50355],[53449, 50379],[53449, 50399],[53449, 50410],[53452, 50434],[53456, 50454],[53456, 50475],[53459, 50492],[53463, 50509],[53463, 50516],[53469, 50523],[53476, 50533],[53511, 50533],[53524, 50530],[53535, 50530],[53548, 50526],[53555, 50523],[53566, 50520],[53579, 50520],[53593, 50513],[53617, 50509],[53634, 50506],[53648, 50502],[53655, 50499],[53662, 50499],[53682, 50495],[53696, 50492],[53703, 50489],[53713, 50485],[53727, 50478],[53734, 50475],[53744, 50468],[53754, 50461],[53765, 50454],[53772, 50451],[53779, 50451],[53782, 50447],[53789, 50441],[53799, 50437],[53803, 50437],[53813, 50434],[53820, 50430],[53827, 50423],[53833, 50417],[53837, 50413],[53837, 50410],[53840, 50406],[53844, 50403],[53851, 50396],[53854, 50389],[53864, 50386],[53871, 50379],[53885, 50368],[53892, 50362],[53895, 50355],[53909, 50341],[53919, 50331],[53933, 50320],[53936, 50310],[53940, 50307],[53943, 50296],[53950, 50293],[53950, 50283],[53950, 50272],[53954, 50262],[53954, 50255],[53954, 50248],[53954, 50245],[53954, 50238],[53954, 50224],[53954, 50214],[53954, 50204],[53954, 50190],[53954, 50183],[53954, 50173],[53954, 50166],[53954, 50156],[53954, 50149],[53954, 50138],[53950, 50132],[53950, 50118],[53950, 50101],[53950, 50083],[53950, 50077],[53947, 50063],[53947, 50053],[53943, 50035],[53940, 50025],[53936, 50018],[53933, 50008],[53930, 49984],[53930, 49970],[53930, 49953],[53930, 49936],[53930, 49922],[53930, 49919],[53930, 49912],[53930, 49905],[53933, 49895],[53936, 49888],[53940, 49874],[53943, 49857],[53950, 49840],[53954, 49822],[53957, 49812],[53961, 49781],[53961, 49764],[53964, 49740],[53967, 49713],[53967, 49692],[53967, 49668],[53967, 49647],[53964, 49630],[53961, 49613],[53954, 49596],[53943, 49575],[53933, 49544],[53930, 49534],[53923, 49510],[53919, 49496],[53916, 49489],[53912, 49472],[53906, 49455],[53902, 49434],[53902, 49414],[53895, 49390],[53892, 49376],[53888, 49362],[53885, 49352],[53882, 49338],[53868, 49304],[53857, 49280],[53847, 49252],[53833, 49215],[53823, 49180],[53820, 49160],[53813, 49143],[53809, 49125],[53806, 49112],[53803, 49101],[53799, 49091],[53796, 49081],[53792, 49067],[53789, 49060],[53789, 49050],[53785, 49043],[53782, 49029],[53779, 49016],[53775, 48998],[53772, 48988],[53768, 48971],[53765, 48957],[53765, 48950],[53761, 48937],[53758, 48930],[53754, 48926],[53751, 48923],[53748, 48923],[53744, 48919],[53734, 48919],[53727, 48916],[53648, 48916],[53638, 48919],[53631, 48923],[53627, 48923],[53617, 48926],[53614, 48930],[53610, 48933],[53607, 48937],[53603, 48943],[53603, 48950],[53597, 48954],[53593, 48961],[53590, 48964],[53590, 48971],[53586, 48978],[53583, 48985],[53572, 48998],[53569, 49005],[53566, 49012],[53559, 49016],[53552, 49029],[53545, 49033],[53538, 49043],[53531, 49053],[53521, 49057],[53518, 49060],[53514, 49064],[53500, 49070],[53490, 49074],[53483, 49077],[53469, 49088],[53452, 49095],[53421, 49108],[53411, 49115],[53397, 49122],[53387, 49129],[53373, 49143],[53360, 49149],[53349, 49153],[53339, 49163],[53336, 49170],[53332, 49173],[53329, 49173],[53322, 49180],[53308, 49191],[53301, 49191],[53294, 49194],[53291, 49198],[53287, 49201],[53277, 49204],[53263, 49208],[53250, 49211],[53236, 49215],[53219, 49218],[53164, 49218],[53154, 49215],[53133, 49211],[53109, 49208],[53054, 49208],[53040, 49211],[53009, 49211],[52985, 49215],[52982, 49215],[52975, 49218],[52968, 49222],[52961, 49225],[52958, 49228],[52954, 49228],[52948, 49232],[52944, 49235],[52941, 49239],[52934, 49242],[52927, 49242],[52917, 49246],[52906, 49249],[52893, 49249],[52886, 49252],[52875, 49256],[52865, 49259],[52862, 49263],[52858, 49266],[52851, 49270],[52848, 49273],[52838, 49283],[52838, 49287],[52831, 49290],[52824, 49301],[52820, 49307],[52810, 49318],[52800, 49328],[52796, 49331],[52786, 49345],[52779, 49352],[52776, 49366],[52772, 49376],[52766, 49386],[52752, 49407],[52745, 49421],[52738, 49431],[52738, 49434],[52735, 49434],[52731, 49438],[52721, 49441],[52601, 49441],[52594, 49445],[52587, 49448],[52570, 49452],[52549, 49458],[52529, 49469],[52515, 49479],[52508, 49486],[52508, 49493],[52508, 49503],[52508, 49513],[52508, 49520],[52511, 49531],[52511, 49534],[52511, 49541],[52511, 49544],[52511, 49548],[52511, 49555],[52511, 49561],[52511, 49568],[52511, 49575],[52511, 49586],[52511, 49596],[52511, 49603],[52511, 49610],[52511, 49620],[52508, 49637],[52508, 49651],[52508, 49665],[52508, 49675],[52508, 49695],[52508, 49706],[52508, 49719],[52508, 49730],[52508, 49740],[52508, 49750],[52508, 49768],[52508, 49778],[52508, 49785],[52508, 49795],[52508, 49802],[52508, 49812],[52505, 49826],[52505, 49836],[52501, 49850],[52501, 49864],[52494, 49881],[52491, 49891],[52491, 49898],[52487, 49905],[52484, 49915],[52477, 49925],[52474, 49936],[52470, 49946],[52470, 49956],[52467, 49970],[52463, 49991],[52460, 50008]]]},"properties":{"objectType":"annotation","name":"INV"}},{"type":"Feature","id":"34293ba3-9786-413a-b4b2-3eae87115d8b","geometry":{"type":"Polygon","coordinates":[[[58388, 55698],[58388, 55702],[58388, 55716],[58393, 55725],[58393, 55729],[58397, 55734],[58402, 55734],[58402, 55738],[58402, 55747],[58406, 55751],[58415, 55765],[58420, 55774],[58429, 55792],[58438, 55801],[58442, 55809],[58455, 55818],[58460, 55823],[58473, 55832],[58482, 55836],[58491, 55845],[58500, 55850],[58505, 55854],[58518, 55859],[58531, 55868],[58545, 55868],[58558, 55881],[58571, 55890],[58585, 55903],[58598, 55917],[58612, 55930],[58616, 55943],[58625, 55948],[58634, 55961],[58638, 55975],[58647, 55988],[58652, 56001],[58661, 56006],[58661, 56019],[58665, 56028],[58665, 56037],[58665, 56046],[58665, 56055],[58665, 56064],[58661, 56068],[58656, 56077],[58652, 56086],[58652, 56095],[58652, 56100],[58647, 56104],[58643, 56117],[58634, 56131],[58630, 56144],[58625, 56149],[58621, 56158],[58612, 56167],[58612, 56171],[58607, 56180],[58603, 56189],[58594, 56198],[58594, 56202],[58594, 56211],[58589, 56220],[58589, 56225],[58589, 56234],[58589, 56238],[58589, 56242],[58594, 56247],[58607, 56256],[58612, 56260],[58630, 56274],[58661, 56283],[58692, 56292],[58719, 56296],[58728, 56301],[58746, 56305],[58754, 56305],[58772, 56309],[58786, 56309],[58790, 56314],[58799, 56314],[58813, 56318],[58826, 56323],[58848, 56327],[58857, 56327],[58866, 56332],[58875, 56336],[58888, 56345],[58897, 56345],[58920, 56354],[58942, 56363],[58960, 56367],[58973, 56376],[58987, 56381],[58996, 56385],[59031, 56390],[59063, 56394],[59116, 56394],[59121, 56399],[59143, 56399],[59156, 56403],[59170, 56412],[59183, 56417],[59205, 56430],[59223, 56434],[59232, 56443],[59263, 56461],[59277, 56475],[59290, 56479],[59304, 56488],[59317, 56492],[59335, 56506],[59362, 56519],[59375, 56528],[59397, 56537],[59420, 56550],[59446, 56555],[59446, 56559],[59464, 56568],[59469, 56573],[59482, 56573],[59500, 56582],[59509, 56591],[59518, 56591],[59522, 56600],[59536, 56604],[59545, 56613],[59549, 56617],[59567, 56631],[59567, 56635],[59571, 56640],[59576, 56644],[59580, 56653],[59585, 56658],[59589, 56658],[59607, 56671],[59629, 56684],[59656, 56684],[59683, 56689],[59737, 56689],[59741, 56684],[59745, 56671],[59750, 56667],[59759, 56653],[59768, 56644],[59768, 56640],[59772, 56626],[59777, 56613],[59790, 56604],[59799, 56595],[59808, 56586],[59817, 56577],[59826, 56568],[59830, 56555],[59830, 56550],[59835, 56546],[59835, 56537],[59835, 56533],[59835, 56524],[59835, 56519],[59835, 56510],[59835, 56501],[59835, 56497],[59835, 56492],[59835, 56484],[59835, 56479],[59835, 56475],[59835, 56466],[59835, 56461],[59835, 56457],[59835, 56448],[59835, 56443],[59835, 56439],[59835, 56430],[59835, 56425],[59835, 56421],[59835, 56412],[59835, 56403],[59835, 56399],[59835, 56390],[59826, 56367],[59826, 56350],[59821, 56341],[59821, 56327],[59821, 56309],[59826, 56287],[59830, 56274],[59839, 56256],[59853, 56238],[59857, 56220],[59866, 56216],[59875, 56202],[59884, 56189],[59902, 56176],[59915, 56162],[59937, 56144],[59946, 56131],[59955, 56126],[59964, 56113],[59969, 56104],[59969, 56091],[59969, 56068],[59969, 56055],[59969, 56033],[59960, 56006],[59951, 55979],[59946, 55952],[59937, 55908],[59933, 55881],[59924, 55854],[59924, 55845],[59920, 55832],[59911, 55809],[59902, 55787],[59884, 55756],[59870, 55734],[59857, 55711],[59844, 55676],[59830, 55640],[59826, 55631],[59821, 55618],[59812, 55609],[59804, 55600],[59799, 55586],[59786, 55573],[59777, 55564],[59772, 55555],[59768, 55551],[59759, 55542],[59750, 55528],[59732, 55519],[59719, 55515],[59719, 55510],[59710, 55506],[59701, 55501],[59679, 55484],[59647, 55461],[59620, 55443],[59607, 55439],[59603, 55435],[59598, 55430],[59594, 55421],[59585, 55412],[59571, 55394],[59558, 55376],[59554, 55372],[59549, 55363],[59545, 55359],[59540, 55341],[59536, 55327],[59527, 55318],[59522, 55305],[59522, 55292],[59522, 55283],[59522, 55274],[59518, 55256],[59513, 55225],[59509, 55207],[59509, 55185],[59504, 55162],[59496, 55140],[59491, 55118],[59491, 55104],[59487, 55086],[59482, 55068],[59478, 55051],[59469, 55037],[59460, 55010],[59446, 54988],[59442, 54970],[59433, 54957],[59429, 54948],[59424, 54935],[59424, 54930],[59420, 54917],[59411, 54912],[59406, 54908],[59406, 54899],[59402, 54894],[59397, 54890],[59393, 54881],[59388, 54877],[59384, 54868],[59375, 54859],[59366, 54850],[59357, 54841],[59348, 54836],[59295, 54836],[59277, 54845],[59259, 54854],[59250, 54859],[59250, 54863],[59241, 54868],[59228, 54872],[59205, 54885],[59201, 54894],[59192, 54899],[59187, 54912],[59183, 54921],[59183, 54948],[59179, 54975],[59174, 54993],[59170, 55010],[59170, 55019],[59170, 55033],[59170, 55042],[59170, 55055],[59170, 55064],[59170, 55086],[59170, 55104],[59170, 55118],[59174, 55131],[59179, 55149],[59179, 55167],[59183, 55189],[59183, 55207],[59187, 55229],[59187, 55251],[59192, 55274],[59192, 55296],[59192, 55318],[59192, 55336],[59192, 55345],[59192, 55359],[59192, 55368],[59192, 55376],[59192, 55381],[59183, 55385],[59170, 55390],[59134, 55390],[59089, 55368],[59058, 55350],[59040, 55336],[59027, 55323],[59013, 55310],[59009, 55301],[59000, 55283],[58991, 55269],[58987, 55260],[58978, 55243],[58973, 55220],[58960, 55198],[58946, 55167],[58942, 55158],[58938, 55149],[58929, 55140],[58924, 55127],[58920, 55118],[58911, 55100],[58902, 55082],[58893, 55068],[58888, 55060],[58884, 55046],[58875, 55037],[58866, 55024],[58866, 55019],[58862, 55015],[58857, 55015],[58839, 55010],[58786, 55006],[58768, 55006],[58746, 55010],[58732, 55015],[58714, 55019],[58710, 55024],[58696, 55028],[58683, 55046],[58670, 55046],[58661, 55055],[58647, 55064],[58630, 55073],[58621, 55077],[58607, 55082],[58603, 55091],[58598, 55095],[58594, 55095],[58580, 55109],[58567, 55127],[58554, 55144],[58545, 55153],[58536, 55167],[58531, 55176],[58522, 55193],[58518, 55211],[58513, 55229],[58509, 55243],[58509, 55260],[58505, 55274],[58500, 55292],[58496, 55301],[58491, 55314],[58491, 55323],[58491, 55332],[58487, 55336],[58487, 55345],[58482, 55354],[58482, 55363],[58478, 55368],[58478, 55372],[58478, 55381],[58473, 55390],[58464, 55399],[58460, 55408],[58455, 55417],[58451, 55426],[58438, 55443],[58424, 55457],[58415, 55479],[58411, 55493],[58406, 55506],[58406, 55519],[58406, 55533],[58402, 55564],[58397, 55586],[58393, 55609],[58393, 55631],[58393, 55644],[58393, 55658],[58393, 55667],[58393, 55676],[58393, 55680],[58393, 55689],[58388, 55698]]]},"properties":{"objectType":"annotation","name":"INV"}},{"type":"Feature","id":"3a2b49a2-4096-4154-abaf-6ff63afefe88","geometry":{"type":"Polygon","coordinates":[[[54175, 54616],[54175, 54620],[54175, 54625],[54175, 54634],[54175, 54643],[54175, 54656],[54175, 54665],[54175, 54687],[54175, 54696],[54175, 54705],[54175, 54710],[54175, 54719],[54175, 54728],[54175, 54741],[54175, 54750],[54175, 54754],[54180, 54763],[54180, 54772],[54180, 54777],[54180, 54781],[54180, 54786],[54180, 54790],[54189, 54790],[54193, 54795],[54202, 54799],[54216, 54803],[54229, 54808],[54238, 54808],[54247, 54812],[54251, 54817],[54256, 54821],[54260, 54826],[54265, 54826],[54265, 54830],[54274, 54839],[54283, 54844],[54287, 54848],[54291, 54853],[54300, 54861],[54309, 54866],[54314, 54870],[54318, 54879],[54323, 54879],[54327, 54884],[54332, 54884],[54332, 54888],[54336, 54893],[54341, 54893],[54358, 54911],[54372, 54915],[54394, 54924],[54403, 54928],[54412, 54937],[54421, 54942],[54430, 54946],[54439, 54955],[54452, 54964],[54470, 54969],[54479, 54978],[54492, 54986],[54506, 54991],[54519, 55000],[54537, 55000],[54573, 55013],[54599, 55022],[54622, 55027],[54649, 55036],[54671, 55040],[54675, 55040],[54684, 55045],[54689, 55045],[54693, 55049],[54702, 55062],[54711, 55076],[54720, 55089],[54724, 55098],[54724, 55107],[54729, 55111],[54733, 55116],[54738, 55125],[54742, 55138],[54747, 55147],[54751, 55156],[54756, 55161],[54760, 55165],[54760, 55169],[54760, 55174],[54760, 55178],[54760, 55187],[54760, 55192],[54760, 55196],[54760, 55201],[54765, 55205],[54765, 55210],[54765, 55214],[54765, 55219],[54769, 55223],[54769, 55228],[54774, 55232],[54778, 55236],[54791, 55245],[54796, 55245],[54809, 55250],[54832, 55254],[54849, 55254],[54867, 55259],[55211, 55259],[55238, 55268],[55269, 55286],[55291, 55294],[55309, 55308],[55318, 55317],[55332, 55317],[55336, 55326],[55345, 55326],[55349, 55330],[55354, 55335],[55358, 55335],[55372, 55344],[55376, 55353],[55398, 55361],[55407, 55366],[55412, 55366],[55416, 55370],[55434, 55379],[55452, 55388],[55465, 55393],[55474, 55393],[55492, 55402],[55506, 55406],[55528, 55411],[55537, 55411],[55546, 55415],[55550, 55419],[55577, 55419],[55586, 55424],[55666, 55424],[55684, 55419],[55698, 55415],[55707, 55415],[55720, 55411],[55733, 55406],[55751, 55402],[55760, 55397],[55765, 55397],[55773, 55393],[55782, 55388],[55800, 55384],[55827, 55375],[55867, 55370],[55898, 55361],[55921, 55357],[55943, 55353],[55952, 55353],[55970, 55348],[55988, 55344],[55997, 55344],[56010, 55339],[56023, 55335],[56037, 55330],[56055, 55330],[56059, 55326],[56064, 55326],[56073, 55321],[56073, 55317],[56086, 55312],[56095, 55312],[56099, 55308],[56104, 55303],[56104, 55299],[56108, 55286],[56117, 55268],[56117, 55263],[56117, 55259],[56117, 55254],[56113, 55254],[56113, 55250],[56108, 55250],[56108, 55245],[56104.89, 55245],[56105.91, 55218.69],[56108, 55214],[56113, 55205],[56117, 55192],[56122, 55187],[56126, 55174],[56140, 55165],[56148, 55156],[56153, 55152],[56162, 55147],[56166, 55138],[56175, 55129],[56184, 55120],[56193, 55111],[56206, 55103],[56224, 55094],[56242, 55085],[56256, 55071],[56278, 55058],[56291, 55045],[56300, 55040],[56314, 55027],[56327, 55018],[56340, 55004],[56345, 55000],[56349, 54991],[56363, 54982],[56367, 54969],[56381, 54955],[56394, 54951],[56407, 54937],[56421, 54924],[56425, 54920],[56439, 54911],[56448, 54906],[56456, 54897],[56470, 54884],[56479, 54875],[56488, 54861],[56492, 54857],[56497, 54848],[56497, 54839],[56497, 54826],[56497, 54817],[56497, 54803],[56497, 54786],[56497, 54777],[56497, 54763],[56497, 54759],[56497, 54745],[56497, 54737],[56497, 54728],[56492, 54719],[56492, 54705],[56488, 54692],[56488, 54674],[56488, 54665],[56488, 54656],[56488, 54647],[56488, 54634],[56488, 54620],[56488, 54603],[56488, 54585],[56488, 54576],[56488, 54567],[56488, 54558],[56488, 54540],[56488, 54518],[56488, 54495],[56488, 54478],[56483, 54464],[56483, 54446],[56483, 54437],[56479, 54424],[56474, 54411],[56474, 54406],[56474, 54397],[56470, 54393],[56470, 54379],[56456, 54362],[56443, 54330],[56434, 54312],[56430, 54312],[56425, 54304],[56412, 54290],[56389, 54272],[56363, 54254],[56345, 54241],[56331, 54237],[56318, 54228],[56305, 54228],[56291, 54219],[56282, 54214],[56278, 54210],[56256, 54210],[56242, 54205],[56233, 54205],[56215, 54201],[56198, 54201],[56175, 54196],[56144, 54192],[56077, 54192],[56055, 54187],[55939, 54187],[55907, 54183],[55840, 54183],[55831, 54179],[55823, 54179],[55809, 54174],[55782, 54174],[55773, 54170],[55760, 54170],[55747, 54165],[55733, 54161],[55720, 54156],[55698, 54152],[55671, 54143],[55644, 54138],[55622, 54129],[55595, 54125],[55568, 54116],[55537, 54112],[55510, 54107],[55492, 54103],[55461, 54103],[55448, 54098],[55421, 54098],[55394, 54094],[55372, 54089],[55354, 54085],[55340, 54080],[55323, 54076],[55300, 54071],[55282, 54067],[55274, 54067],[55251, 54062],[55238, 54058],[55229, 54058],[55189, 54049],[55149, 54045],[55122, 54040],[55095, 54036],[55068, 54036],[55046, 54031],[54939, 54031],[54907, 54036],[54885, 54036],[54854, 54045],[54827, 54054],[54800, 54067],[54751, 54089],[54711, 54112],[54653, 54143],[54613, 54165],[54586, 54187],[54568, 54201],[54550, 54214],[54528, 54228],[54510, 54237],[54474, 54254],[54443, 54268],[54430, 54277],[54416, 54286],[54403, 54290],[54399, 54295],[54390, 54299],[54385, 54299],[54381, 54304],[54376, 54304],[54367, 54308],[54345, 54308],[54327, 54312],[54318, 54317],[54305, 54321],[54291, 54326],[54283, 54330],[54269, 54330],[54269, 54335],[54265, 54335],[54260, 54339],[54251, 54348],[54247, 54353],[54247, 54357],[54242, 54357],[54242, 54362],[54238, 54370],[54233, 54384],[54233, 54388],[54229, 54402],[54224, 54411],[54224, 54420],[54220, 54433],[54216, 54446],[54211, 54460],[54211, 54473],[54207, 54487],[54202, 54500],[54198, 54513],[54193, 54522],[54193, 54536],[54189, 54540],[54184, 54553],[54184, 54562],[54184, 54571],[54184, 54580],[54184, 54585],[54180, 54589],[54180, 54603],[54180, 54607],[54175, 54616]]]},"properties":{"objectType":"annotation","name":"INV"}},{"type":"Feature","id":"b4e8c1f7-5a45-4e35-bb38-0a496e184fae","geometry":{"type":"Polygon","coordinates":[[[54285, 58192],[54285, 58205],[54285, 58209],[54285, 58214],[54285, 58227],[54285, 58236],[54285, 58245],[54285, 58254],[54285, 58263],[54285, 58285],[54285, 58317],[54285, 58334],[54285, 58348],[54285, 58352],[54290, 58357],[54290, 58366],[54290, 58375],[54294, 58397],[54299, 58419],[54307, 58433],[54316, 58442],[54321, 58464],[54334, 58477],[54343, 58486],[54352, 58500],[54361, 58504],[54370, 58513],[54379, 58522],[54383, 58526],[54388, 58531],[54406, 58549],[54419, 58553],[54428, 58553],[54428, 58558],[54468, 58558],[54486, 58553],[54504, 58549],[54513, 58540],[54513, 58535],[54531, 58535],[54535, 58531],[54549, 58531],[54557, 58522],[54571, 58513],[54580, 58504],[54593, 58500],[54602, 58491],[54611, 58486],[54633, 58477],[54651, 58464],[54665, 58464],[54674, 58459],[54678, 58459],[54682, 58455],[54691, 58455],[54705, 58451],[54709, 58446],[54723, 58446],[54723, 58442],[54754, 58442],[54758, 58446],[54758, 58451],[54758, 58455],[54763, 58464],[54763, 58477],[54763, 58491],[54754, 58509],[54749, 58517],[54745, 58526],[54740, 58531],[54736, 58540],[54732, 58553],[54727, 58558],[54723, 58562],[54718, 58567],[54718, 58571],[54709, 58584],[54705, 58593],[54696, 58611],[54691, 58616],[54687, 58625],[54678, 58638],[54669, 58647],[54669, 58651],[54660, 58669],[54656, 58678],[54651, 58705],[54642, 58741],[54642, 58767],[54642, 58790],[54642, 58803],[54642, 58808],[54642, 58812],[54647, 58817],[54651, 58821],[54660, 58830],[54665, 58839],[54678, 58848],[54682, 58852],[54691, 58852],[54705, 58861],[54714, 58866],[54736, 58875],[54772, 58879],[54794, 58879],[54807, 58888],[54821, 58906],[54839, 58933],[54861, 58955],[54883, 58977],[54892, 58986],[54897, 58986],[54897, 58991],[54897, 58995],[54906, 59009],[54910, 59026],[54910, 59035],[54915, 59040],[54915, 59044],[54919, 59049],[54923, 59053],[54928, 59075],[54932, 59093],[54932, 59116],[54937, 59120],[54937, 59129],[54941, 59134],[54941, 59138],[54946, 59138],[54946, 59142],[54950, 59147],[54955, 59156],[54968, 59165],[54973, 59178],[54977, 59183],[54982, 59183],[54986, 59187],[54990, 59187],[55004, 59192],[55008, 59192],[55022, 59196],[55057, 59196],[55071, 59187],[55080, 59183],[55089, 59178],[55098, 59178],[55098, 59174],[55102, 59169],[55107, 59165],[55107, 59160],[55111, 59147],[55111, 59142],[55111, 59134],[55111, 59125],[55111, 59120],[55115, 59107],[55115, 59098],[55120, 59084],[55120, 59075],[55120, 59067],[55120, 59058],[55120, 59040],[55120, 59017],[55120, 58991],[55120, 58959],[55120, 58946],[55120, 58937],[55120, 58928],[55120, 58915],[55120, 58901],[55120, 58888],[55120, 58879],[55120, 58870],[55120, 58866],[55120, 58861],[55120, 58848],[55120, 58843],[55120, 58834],[55120, 58830],[55115, 58821],[55115, 58817],[55111, 58812],[55107, 58803],[55107, 58790],[55107, 58781],[55102, 58776],[55102, 58767],[55093, 58750],[55093, 58736],[55089, 58723],[55089, 58714],[55089, 58705],[55089, 58701],[55089, 58696],[55089, 58687],[55089, 58678],[55089, 58665],[55089, 58656],[55089, 58651],[55084, 58642],[55084, 58629],[55084, 58616],[55084, 58611],[55084, 58598],[55084, 58593],[55080, 58584],[55080, 58580],[55075, 58571],[55071, 58558],[55066, 58549],[55066, 58535],[55062, 58531],[55053, 58522],[55053, 58517],[55048, 58509],[55048, 58500],[55040, 58495],[55035, 58486],[55035, 58482],[55031, 58468],[55026, 58459],[55017, 58446],[55017, 58437],[55013, 58428],[55008, 58428],[55004, 58419],[54999, 58410],[54999, 58406],[54990, 58392],[54982, 58384],[54977, 58375],[54977, 58370],[54973, 58366],[54964, 58352],[54959, 58348],[54955, 58343],[54950, 58334],[54946, 58330],[54941, 58321],[54937, 58308],[54928, 58303],[54923, 58299],[54923, 58294],[54919, 58290],[54919, 58285],[54910, 58276],[54906, 58268],[54901, 58263],[54901, 58259],[54892, 58259],[54888, 58250],[54879, 58245],[54870, 58241],[54861, 58236],[54852, 58236],[54848, 58232],[54830, 58227],[54825, 58223],[54812, 58218],[54807, 58218],[54794, 58209],[54781, 58201],[54763, 58187],[54749, 58183],[54740, 58183],[54740, 58178],[54736, 58178],[54732, 58174],[54727, 58174],[54727, 58169],[54718, 58169],[54705, 58160],[54700, 58151],[54696, 58147],[54682, 58143],[54678, 58134],[54665, 58129],[54660, 58116],[54647, 58102],[54638, 58098],[54629, 58084],[54629, 58080],[54624, 58076],[54620, 58071],[54615, 58062],[54611, 58053],[54598, 58035],[54589, 58031],[54589, 58026],[54584, 58022],[54575, 58018],[54575, 58013],[54571, 58013],[54557, 58004],[54553, 58000],[54544, 57995],[54531, 57995],[54522, 57986],[54508, 57982],[54495, 57977],[54486, 57973],[54468, 57973],[54464, 57968],[54455, 57968],[54446, 57964],[54437, 57960],[54424, 57960],[54419, 57955],[54401, 57955],[54397, 57951],[54370, 57951],[54348, 57977],[54334, 57986],[54325, 58004],[54325, 58013],[54321, 58018],[54316, 58031],[54316, 58035],[54312, 58049],[54312, 58058],[54303, 58102],[54299, 58134],[54290, 58165],[54285, 58192]]]},"properties":{"objectType":"annotation","name":"VS"}},{"type":"Feature","id":"9d90b0d7-fa97-4e3c-b2c7-4d3ca441ceff","geometry":{"type":"Polygon","coordinates":[[[61001, 69447],[61001, 69451],[61001, 69469],[61001, 69474],[61001, 69487],[61001, 69491],[61001, 69500],[61001, 69518],[61010, 69536],[61010, 69549],[61010, 69554],[61015, 69554],[61015, 69558],[61023, 69567],[61028, 69572],[61028, 69576],[61028, 69581],[61032, 69581],[61037, 69590],[61046, 69590],[61046, 69594],[61073, 69594],[61090, 69599],[61104, 69603],[61113, 69603],[61135, 69607],[61282, 69607],[61318, 69599],[61345, 69594],[61349, 69590],[61354, 69585],[61358, 69581],[61376, 69576],[61389, 69567],[61403, 69563],[61412, 69558],[61421, 69554],[61497, 69554],[61501, 69549],[61559, 69549],[61595, 69554],[61631, 69558],[61680, 69558],[61689, 69563],[61697, 69585],[61702, 69599],[61706, 69603],[61706, 69612],[61706, 69621],[61706, 69630],[61706, 69639],[61706, 69643],[61706, 69648],[61706, 69652],[61706, 69657],[61706, 69661],[61706, 69666],[61706, 69670],[61706, 69674],[61706, 69679],[61711, 69683],[61711, 69688],[61711, 69692],[61711, 69697],[61711, 69706],[61711, 69710],[61711, 69715],[61711, 69719],[61702, 69724],[61689, 69732],[61680, 69732],[61675, 69737],[61671, 69741],[61648, 69759],[61626, 69764],[61608, 69768],[61599, 69773],[61590, 69773],[61586, 69782],[61586, 69791],[61434, 69791],[61430, 69795],[61425, 69795],[61416, 69799],[61412, 69804],[61398, 69813],[61394, 69817],[61385, 69822],[61381, 69822],[61376, 69826],[61372, 69826],[61363, 69831],[61363, 69835],[61323, 69835],[61296, 69844],[61273, 69844],[61265, 69849],[61251, 69853],[61242, 69862],[61229, 69862],[61224, 69871],[61220, 69875],[61215, 69880],[61206, 69884],[61206, 69889],[61198, 69898],[61180, 69907],[61180, 69911],[61171, 69915],[61166, 69915],[61162, 69920],[61162, 69924],[61157, 69929],[61153, 69938],[61144, 69947],[61140, 69956],[61135, 69960],[61135, 69965],[61135, 69969],[61135, 69974],[61131, 69982],[61131, 69991],[61131, 70009],[61126, 70027],[61122, 70040],[61117, 70058],[61113, 70076],[61108, 70094],[61108, 70099],[61104, 70116],[61104, 70130],[61099, 70139],[61099, 70143],[61099, 70161],[61099, 70192],[61113, 70273],[61135, 70326],[61144, 70348],[61148, 70362],[61148, 70366],[61148, 70371],[61157, 70389],[61162, 70393],[61166, 70398],[61166, 70402],[61175, 70407],[61180, 70411],[61180, 70420],[61184, 70424],[61189, 70429],[61193, 70438],[61198, 70442],[61202, 70447],[61202, 70451],[61202, 70456],[61206, 70460],[61211, 70465],[61273, 70465],[61305, 70442],[61314, 70429],[61318, 70411],[61318, 70407],[61318, 70402],[61318, 70398],[61349, 70398],[61363, 70402],[61389, 70415],[61403, 70420],[61434, 70424],[61479, 70438],[61501, 70438],[61528, 70447],[61599, 70447],[61626, 70438],[61648, 70429],[61666, 70411],[61675, 70389],[61684, 70362],[61684, 70357],[61689, 70331],[61693, 70308],[61702, 70290],[61711, 70282],[61711, 70273],[61711, 70264],[61715, 70250],[61715, 70232],[61724, 70210],[61733, 70197],[61747, 70183],[61756, 70165],[61764, 70157],[61773, 70139],[61778, 70125],[61782, 70116],[61791, 70103],[61796, 70099],[61805, 70085],[61822, 70063],[61836, 70032],[61840, 70009],[61849, 69996],[61858, 69978],[61863, 69965],[61872, 69947],[61881, 69938],[61889, 69920],[61903, 69898],[61912, 69875],[61912, 69862],[61916, 69857],[61934, 69840],[61952, 69826],[61961, 69826],[61965, 69822],[61970, 69817],[61988, 69808],[62001, 69804],[62014, 69795],[62028, 69786],[62041, 69782],[62046, 69773],[62050, 69773],[62059, 69768],[62068, 69755],[62077, 69741],[62086, 69732],[62086, 69728],[62095, 69724],[62108, 69724],[62117, 69719],[62126, 69715],[62130, 69715],[62135, 69710],[62148, 69706],[62166, 69706],[62171, 69701],[62189, 69692],[62197, 69683],[62211, 69679],[62264, 69679],[62282, 69674],[62291, 69674],[62296, 69670],[62296, 69666],[62305, 69657],[62309, 69643],[62314, 69634],[62318, 69621],[62322, 69616],[62322, 69612],[62327, 69603],[62331, 69585],[62336, 69572],[62340, 69549],[62340, 69527],[62340, 69505],[62340, 69491],[62340, 69478],[62336, 69469],[62331, 69456],[62322, 69447],[62314, 69433],[62300, 69416],[62278, 69407],[62238, 69393],[62202, 69389],[62189, 69380],[62171, 69375],[62157, 69366],[62153, 69358],[62144, 69358],[62139, 69349],[62126, 69340],[62104, 69317],[62086, 69304],[62072, 69295],[62055, 69282],[62050, 69277],[62046, 69277],[62032, 69268],[62028, 69259],[62019, 69255],[62010, 69241],[62006, 69228],[61997, 69215],[61992, 69197],[61992, 69174],[61988, 69161],[61988, 69143],[61988, 69134],[62001, 69121],[62014, 69108],[62032, 69099],[62046, 69090],[62064, 69081],[62077, 69072],[62090, 69067],[62099, 69058],[62122, 69049],[62144, 69036],[62184, 69018],[62202, 69009],[62215, 68996],[62224, 68978],[62233, 68956],[62247, 68933],[62260, 68920],[62264, 68916],[62273, 68907],[62282, 68893],[62296, 68884],[62305, 68875],[62318, 68862],[62336, 68844],[62345, 68835],[62354, 68822],[62372, 68813],[62385, 68804],[62389, 68791],[62403, 68782],[62421, 68768],[62447, 68755],[62479, 68746],[62488, 68737],[62497, 68733],[62505, 68728],[62519, 68719],[62541, 68715],[62550, 68706],[62563, 68701],[62568, 68697],[62577, 68683],[62577, 68675],[62586, 68661],[62595, 68657],[62604, 68648],[62617, 68634],[62622, 68621],[62635, 68603],[62644, 68590],[62644, 68581],[62644, 68576],[62644, 68567],[62644, 68563],[62644, 68558],[62639, 68550],[62630, 68532],[62622, 68514],[62617, 68500],[62604, 68483],[62595, 68465],[62590, 68460],[62581, 68438],[62577, 68420],[62568, 68402],[62563, 68398],[62559, 68389],[62555, 68375],[62550, 68367],[62546, 68358],[62546, 68344],[62532, 68326],[62528, 68313],[62523, 68308],[62519, 68304],[62519, 68295],[62510, 68286],[62505, 68273],[62492, 68259],[62483, 68250],[62479, 68242],[62470, 68233],[62465, 68228],[62447, 68210],[62439, 68201],[62430, 68192],[62425, 68188],[62421, 68179],[62407, 68170],[62394, 68161],[62394, 68157],[62385, 68152],[62376, 68139],[62367, 68134],[62349, 68117],[62340, 68112],[62322, 68099],[62318, 68090],[62314, 68090],[62309, 68085],[62300, 68076],[62287, 68072],[62278, 68063],[62264, 68059],[62255, 68050],[62206, 68050],[62202, 68054],[62197, 68054],[62197, 68059],[62184.39, 68059],[62162, 68072],[62148, 68081],[62135, 68085],[62126, 68090],[62113, 68099],[62099, 68112],[62077, 68125],[62059, 68139],[62046, 68143],[62032, 68152],[62014, 68161],[62010, 68166],[62006, 68170],[61979, 68175],[61952, 68184],[61912, 68192],[61885, 68201],[61849, 68215],[61827, 68224],[61809, 68224],[61800, 68228],[61787, 68233],[61773, 68237],[61756, 68242],[61733, 68246],[61671, 68246],[61657, 68250],[61639, 68255],[61626, 68255],[61622, 68264],[61608, 68273],[61590, 68291],[61577, 68291],[61559, 68304],[61541, 68317],[61532, 68326],[61523, 68331],[61519, 68335],[61514, 68340],[61506, 68349],[61497, 68358],[61492, 68362],[61488, 68367],[61479, 68371],[61474, 68375],[61461, 68384],[61443, 68393],[61421, 68407],[61407, 68420],[61389, 68425],[61376, 68429],[61363, 68433],[61354, 68442],[61336, 68451],[61323, 68465],[61314, 68478],[61305, 68487],[61305, 68492],[61300, 68496],[61296, 68500],[61291, 68514],[61282, 68532],[61282, 68545],[61278, 68558],[61278, 68572],[61273, 68576],[61273, 68590],[61273, 68612],[61273, 68625],[61273, 68639],[61273, 68648],[61273, 68661],[61273, 68679],[61273, 68688],[61278, 68706],[61278, 68715],[61282, 68733],[61287, 68746],[61296, 68764],[61300, 68777],[61309, 68786],[61318, 68808],[61323, 68826],[61327, 68840],[61331, 68849],[61340, 68866],[61349, 68880],[61358, 68898],[61367, 68916],[61372, 68929],[61376, 68933],[61381, 68942],[61385, 68947],[61394, 68960],[61394, 68965],[61394, 68969],[61398, 68974],[61403, 68983],[61407, 68991],[61412, 69005],[61416, 69009],[61421, 69023],[61430, 69036],[61430, 69049],[61434, 69054],[61439, 69063],[61443, 69067],[61448, 69076],[61452, 69085],[61452, 69094],[61452, 69099],[61456, 69108],[61461, 69112],[61465, 69116],[61470, 69121],[61470, 69130],[61470, 69139],[61470, 69148],[61470, 69152],[61470, 69157],[61470, 69161],[61470, 69166],[61470, 69179],[61470, 69183],[61470, 69188],[61470, 69197],[61470, 69201],[61470, 69215],[61470, 69224],[61470, 69228],[61461, 69237],[61456, 69241],[61443, 69250],[61439, 69255],[61434, 69255],[61434, 69259],[61425, 69259],[61421, 69264],[61416, 69268],[61403, 69273],[61398, 69277],[61336, 69277],[61331, 69282],[61314, 69282],[61309, 69286],[61300, 69286],[61291, 69291],[61282, 69295],[61273, 69299],[61265, 69299],[61256, 69304],[61251, 69308],[61247, 69308],[61238, 69313],[61220, 69317],[61211, 69322],[61198, 69322],[61189, 69326],[61175, 69331],[61166, 69335],[61153, 69335],[61148, 69340],[61131, 69340],[61126, 69344],[61108, 69349],[61095, 69349],[61086, 69353],[61073, 69366],[61064, 69371],[61050, 69375],[61046, 69380],[61041, 69384],[61032, 69393],[61023, 69402],[61015, 69420],[61010, 69420],[61006, 69424],[61006, 69433],[61001, 69447]]]},"properties":{"objectType":"annotation","name":"INV"}},{"type":"Feature","id":"731ec289-f024-4493-b4fc-f977673b4b98","geometry":{"type":"Polygon","coordinates":[[[62879, 67173],[62879, 67191],[62879, 67211],[62879, 67232],[62879, 67246],[62879, 67256],[62879, 67266],[62879, 67287],[62882, 67304],[62886, 67321],[62889, 67338],[62896, 67349],[62906, 67373],[62927, 67404],[62954, 67455],[62961, 67489],[62965, 67517],[62968, 67541],[62972, 67562],[62982, 67586],[62999, 67623],[63013, 67644],[63023, 67661],[63030, 67671],[63040, 67682],[63054, 67689],[63071, 67702],[63102, 67713],[63129, 67723],[63157, 67730],[63174, 67733],[63205, 67737],[63325, 67737],[63366, 67733],[63401, 67726],[63428, 67716],[63445, 67709],[63449, 67706],[63463, 67699],[63487, 67692],[63507, 67689],[63542, 67685],[63648, 67685],[63686, 67692],[63720, 67706],[63748, 67719],[63754, 67726],[63758, 67733],[63758, 67743],[63758, 67757],[63754, 67771],[63748, 67792],[63737, 67812],[63720, 67833],[63696, 67853],[63686, 67867],[63679, 67877],[63669, 67888],[63658, 67898],[63641, 67932],[63621, 67987],[63586, 68083],[63566, 68145],[63548, 68183],[63538, 68217],[63524, 68255],[63507, 68293],[63493, 68324],[63473, 68362],[63449, 68399],[63439, 68427],[63421, 68444],[63397, 68461],[63346, 68506],[63318, 68523],[63287.03, 68544.82],[63277, 68557],[63277, 68564],[63270, 68571],[63263, 68581],[63260, 68588],[63253, 68598],[63253, 68602],[63253, 68605],[63253, 68609],[63253, 68612],[63253, 68619],[63253, 68633],[63257, 68643],[63260, 68657],[63263, 68681],[63267, 68702],[63270, 68708],[63277, 68715],[63284, 68729],[63291, 68746],[63294, 68753],[63301, 68770],[63311, 68787],[63318, 68801],[63325, 68815],[63336, 68829],[63342, 68839],[63356, 68856],[63373, 68870],[63390, 68883],[63397, 68890],[63421, 68897],[63456, 68911],[63487, 68925],[63524, 68925],[63538, 68918],[63552, 68911],[63572, 68897],[63586, 68883],[63600, 68863],[63614, 68842],[63627, 68822],[63638, 68801],[63651, 68770],[63665, 68750],[63679, 68729],[63696, 68712],[63713, 68691],[63737, 68667],[63772, 68643],[63840, 68592],[63885, 68557],[63919, 68526],[63954, 68492],[64002, 68447],[64036, 68413],[64081, 68379],[64112, 68348],[64139, 68320],[64156, 68300],[64173, 68279],[64194, 68259],[64228, 68217],[64266, 68173],[64297, 68132],[64324, 68094],[64348, 68056],[64362, 68032],[64386, 68004],[64407, 67977],[64438, 67939],[64469, 67898],[64506, 67853],[64544, 67798],[64589, 67719],[64613, 67675],[64627, 67637],[64644, 67606],[64657, 67586],[64668, 67568],[64675, 67537],[64685, 67517],[64695, 67486],[64702, 67455],[64706, 67431],[64706, 67407],[64706, 67383],[64706, 67362],[64699, 67345],[64692, 67328],[64685, 67318],[64678, 67304],[64671, 67294],[64661, 67280],[64647, 67266],[64633, 67252],[64623, 67242],[64616, 67239],[64613, 67228],[64599, 67222],[64582, 67208],[64554, 67194],[64527, 67173],[64510, 67160],[64496, 67149],[64479, 67143],[64458, 67136],[64438, 67125],[64417, 67115],[64400, 67105],[64386, 67098],[64366, 67088],[64348, 67081],[64324, 67070],[64307, 67060],[64273, 67043],[64242, 67029],[64225, 67022],[64208, 67016],[64153, 67002],[64098, 66988],[64046, 66978],[63984, 66978],[63950, 66981],[63761, 66981],[63720, 66985],[63679, 66985],[63651, 66988],[63583, 66988],[63535, 66985],[63487, 66985],[63469, 66991],[63439, 66991],[63404, 66998],[63301, 66998],[63274, 67002],[63246, 67005],[63174, 67016],[63116, 67019],[63061, 67029],[63026, 67036],[63002, 67040],[62989, 67043],[62978, 67046],[62961, 67053],[62954, 67060],[62944, 67067],[62941, 67070],[62934, 67077],[62927, 67084],[62917, 67101],[62906, 67122],[62893, 67139],[62886, 67149],[62882, 67160],[62879, 67173]]]},"properties":{"objectType":"annotation","name":"ST"}},{"type":"Feature","id":"95d0d17e-57f8-4dcc-989c-62f36458854c","geometry":{"type":"Polygon","coordinates":[[[33815, 79654],[33815, 79681],[33815, 79708],[33815, 79730],[33815, 79770],[33815, 79802],[33815, 79828],[33820, 79855],[33824, 79891],[33824, 79918],[33829, 79944],[33829, 79971],[33833, 79994],[33833, 80011],[33833, 80034],[33838, 80056],[33842, 80087],[33842, 80105],[33842, 80168],[33842, 80203],[33842, 80230],[33842, 80252],[33842, 80279],[33842, 80302],[33842, 80328],[33842, 80342],[33842, 80360],[33842, 80386],[33842, 80400],[33842, 80413],[33838, 80435],[33838, 80462],[33833, 80485],[33833, 80507],[33829, 80538],[33829, 80578],[33829, 80614],[33824, 80645],[33820, 80685],[33820, 80743],[33815, 80788],[33815, 80819],[33815, 80851],[33815, 80873],[33815, 80895],[33815, 80913],[33815, 80931],[33815, 80944],[33820, 80953],[33820, 80967],[33824, 80971],[33829, 80989],[33833, 80993],[33838, 81002],[33842, 81007],[33851, 81016],[33856, 81020],[33865, 81029],[33873, 81043],[33887, 81065],[33909, 81087],[33927, 81101],[33936, 81118],[33958, 81132],[33972, 81150],[33981, 81168],[33994, 81181],[34007, 81199],[34021, 81212],[34030, 81226],[34034, 81230],[34039, 81239],[34043, 81243],[34052, 81252],[34056, 81266],[34074, 81279],[34083, 81288],[34092, 81293],[34101, 81293],[34110, 81301],[34123, 81306],[34137, 81315],[34159, 81319],[34177, 81324],[34190, 81328],[34208, 81333],[34235, 81342],[34257, 81346],[34280, 81351],[34289, 81355],[34298, 81360],[34306, 81364],[34324, 81368],[34347, 81377],[34369, 81386],[34391, 81391],[34414, 81400],[34436, 81404],[34472, 81413],[34512, 81426],[34565, 81449],[34597, 81458],[34628, 81467],[34677, 81480],[34722, 81498],[34762, 81507],[34793, 81516],[34815, 81525],[34838, 81529],[34878, 81543],[34936, 81565],[35025, 81596],[35092, 81618],[35146, 81636],[35217, 81659],[35280, 81676],[35329, 81685],[35355, 81699],[35373, 81708],[35382, 81717],[35391, 81721],[35400, 81726],[35405, 81726],[35405, 81730],[35409, 81743],[35409, 81748],[35409, 81757],[35409, 81761],[35409, 81766],[35409, 81770],[35405, 81775],[35400, 81779],[35391, 81784],[35382, 81788],[35369, 81797],[35369, 81801],[35360, 81810],[35355, 81815],[35351, 81819],[35342, 81833],[35333, 81837],[35329, 81842],[35324, 81851],[35320, 81855],[35315, 81855],[35311, 81859],[35306, 81864],[35297, 81873],[35297, 81877],[35297, 81882],[35293, 81886],[35293, 81891],[35293, 81900],[35293, 81904],[35293, 81909],[35297, 81909],[35302, 81913],[35315, 81926],[35329, 81940],[35342, 81953],[35364, 81962],[35382, 81971],[35400, 81980],[35427, 81989],[35454, 81998],[35485, 82007],[35530, 82016],[35588, 82034],[35659, 82047],[35717, 82060],[35753, 82069],[35788, 82078],[35797, 82083],[35815, 82087],[35833, 82101],[35847, 82105],[35851, 82109],[35860, 82109],[35864, 82114],[35878, 82132],[35887, 82145],[35900, 82159],[35909, 82167],[35909, 82172],[35913, 82176],[35922, 82185],[35931, 82190],[35940, 82194],[35954, 82203],[35963, 82208],[35971, 82208],[35971, 82212],[35985, 82212],[35989, 82217],[35994, 82221],[36052, 82221],[36079, 82248],[36079, 82239],[36079, 82181],[36088, 82136],[36092, 82078],[36101, 81984],[36105, 81944],[36114, 81913],[36114, 81873],[36119, 81842],[36119, 81806],[36123, 81770],[36123, 81726],[36132, 81681],[36137, 81654],[36141, 81618],[36146, 81578],[36150, 81547],[36155, 81480],[36159, 81444],[36159, 81413],[36163, 81382],[36163, 81346],[36168, 81315],[36172, 81279],[36177, 81243],[36186, 81212],[36195, 81181],[36199, 81159],[36204, 81136],[36208, 81118],[36213, 81096],[36221, 81074],[36221, 81060],[36230, 81047],[36235, 81034],[36239, 81025],[36239, 81020],[36244, 81011],[36244, 81002],[36244, 80989],[36244, 80980],[36244, 80962],[36244, 80953],[36239, 80935],[36226, 80918],[36217, 80909],[36213, 80895],[36204, 80891],[36195, 80882],[36190, 80873],[36186, 80873],[36181, 80868],[36177, 80864],[36177, 80860],[36168, 80860],[36150, 80855],[36141, 80855],[36123, 80851],[36083, 80851],[36061, 80860],[36038, 80864],[36012, 80873],[35976, 80882],[35958, 80886],[35940, 80895],[35922, 80900],[35913, 80904],[35905, 80909],[35900, 80909],[35873, 80918],[35847, 80922],[35824, 80927],[35793, 80935],[35708, 80935],[35668, 80931],[35623, 80927],[35597, 80922],[35574, 80922],[35561, 80918],[35543, 80918],[35530, 80913],[35521, 80913],[35512, 80909],[35498, 80904],[35494, 80900],[35480, 80891],[35476, 80886],[35472, 80882],[35467, 80877],[35454, 80864],[35445, 80851],[35431, 80842],[35409, 80824],[35382, 80802],[35373, 80793],[35364, 80788],[35360, 80784],[35360, 80779],[35351, 80770],[35333, 80748],[35311, 80726],[35284, 80694],[35266, 80677],[35253, 80659],[35239, 80636],[35226, 80614],[35208, 80587],[35195, 80556],[35181, 80534],[35168, 80511],[35159, 80494],[35150, 80471],[35137, 80444],[35123, 80418],[35106, 80382],[35088, 80355],[35074, 80337],[35065, 80319],[35047, 80297],[35034, 80279],[35021, 80261],[35012, 80252],[35003, 80244],[34998, 80230],[34985, 80217],[34972, 80212],[34958, 80190],[34945, 80172],[34931, 80150],[34914, 80132],[34905, 80114],[34891, 80101],[34873, 80078],[34860, 80056],[34851, 80038],[34842, 80025],[34833, 80007],[34824, 79994],[34815, 79976],[34806, 79967],[34793, 79944],[34789, 79927],[34775, 79909],[34766, 79895],[34757, 79891],[34753, 79882],[34748, 79878],[34744, 79869],[34735, 79860],[34731, 79851],[34722, 79842],[34713, 79833],[34690, 79811],[34677, 79797],[34668, 79784],[34659, 79779],[34659, 79770],[34650, 79761],[34641, 79748],[34637, 79735],[34632, 79735],[34628, 79726],[34619, 79708],[34614, 79686],[34601, 79668],[34597, 79645],[34588, 79628],[34588, 79614],[34583, 79601],[34579, 79592],[34574, 79592],[34570, 79583],[34570, 79578],[34570, 79574],[34565, 79569],[34561, 79561],[34556, 79552],[34548, 79538],[34548, 79534],[34543, 79520],[34539, 79516],[34539, 79511],[34534, 79507],[34530, 79498],[34525, 79489],[34521, 79476],[34516, 79471],[34507, 79453],[34507, 79449],[34503, 79440],[34498, 79436],[34494, 79431],[34494, 79422],[34489, 79418],[34489, 79409],[34485, 79395],[34481, 79391],[34476, 79382],[34472, 79373],[34472, 79369],[34467, 79355],[34467, 79346],[34463, 79337],[34458, 79328],[34454, 79320],[34449, 79306],[34445, 79297],[34440, 79288],[34436, 79279],[34431, 79270],[34427, 79266],[34427, 79261],[34423, 79253],[34423, 79248],[34418, 79248],[34414, 79239],[34409, 79230],[34405, 79221],[34405, 79212],[34400, 79208],[34396, 79203],[34387, 79190],[34382, 79177],[34378, 79168],[34373, 79159],[34369, 79150],[34364, 79145],[34360, 79136],[34356, 79123],[34351, 79114],[34347, 79110],[34347, 79105],[34342, 79101],[34338, 79096],[34324, 79096],[34195, 79145],[34146, 79159],[34119, 79168],[34097, 79172],[34092, 79172],[34092, 79177],[34052, 79217],[34025, 79248],[34007, 79275],[33990, 79297],[33981, 79311],[33972, 79315],[33972, 79320],[33958, 79333],[33945, 79346],[33936, 79364],[33927, 79373],[33914, 79391],[33909, 79409],[33900, 79413],[33891, 79427],[33891, 79436],[33882, 79449],[33869, 79480],[33860, 79503],[33851, 79520],[33842, 79543],[33833, 79569],[33829, 79592],[33820, 79614],[33820, 79628],[33815, 79654]]]},"properties":{"objectType":"annotation","name":"IS"}},{"type":"Feature","id":"af562b5f-da2f-423b-a6b4-9954c05dc30e","geometry":{"type":"Polygon","coordinates":[[[62819, 64511],[62819, 64527],[62821, 64540],[62821, 64551],[62821, 64559],[62821, 64564],[62824, 64572],[62826, 64575],[62826, 64580],[62829, 64593],[62834, 64606],[62837, 64622],[62840, 64633],[62840, 64646],[62842, 64651],[62845, 64664],[62850, 64680],[62856, 64696],[62866, 64709],[62882, 64736],[62890, 64746],[62898, 64754],[62903, 64762],[62911, 64770],[62922, 64778],[62932, 64786],[62940, 64791],[62945, 64796],[62953, 64804],[62966, 64812],[62977, 64823],[62988, 64833],[62993, 64839],[62998, 64847],[63011, 64857],[63025, 64868],[63035, 64878],[63043, 64881],[63048, 64892],[63059, 64899],[63069, 64910],[63077, 64921],[63085, 64926],[63091, 64934],[63096, 64939],[63109, 64952],[63136, 64973],[63165, 64997],[63196, 65024],[63223, 65047],[63239, 65061],[63260, 65076],[63275, 65087],[63297, 65098],[63310, 65108],[63323, 65121],[63331, 65129],[63342, 65135],[63349, 65140],[63365, 65150],[63371, 65156],[63376, 65158],[63379, 65158],[63381, 65164],[63384, 65166],[63386, 65169],[63394, 65177],[63397, 65187],[63408, 65206],[63415, 65211],[63421, 65219],[63423, 65222],[63429, 65224],[63437, 65224],[63442, 65230],[63450, 65232],[63455, 65235],[63466, 65238],[63489, 65238],[63505, 65240],[63563, 65240],[63574, 65243],[63585, 65243],[63598, 65245],[63666, 65245],[63680, 65248],[63688, 65248],[63703, 65251],[63717, 65253],[63740, 65256],[63759, 65259],[63769, 65261],[63775, 65261],[63783, 65267],[63788, 65269],[63801, 65272],[63828, 65282],[63849, 65288],[63872, 65293],[63888, 65298],[63909, 65304],[63928, 65309],[63941, 65312],[63946, 65317],[63957, 65322],[63965, 65325],[63978, 65327],[63986, 65330],[63994, 65333],[64005, 65341],[64012, 65348],[64020, 65351],[64026, 65359],[64031, 65367],[64039, 65375],[64041, 65380],[64047, 65385],[64049, 65393],[64057, 65401],[64063, 65409],[64071, 65417],[64081, 65425],[64100, 65436],[64113, 65441],[64121, 65444],[64129, 65444],[64137, 65446],[64145, 65452],[64155, 65454],[64163, 65459],[64179, 65462],[64200, 65467],[64234, 65470],[64242, 65473],[64261, 65478],[64266, 65478],[64271, 65481],[64287, 65483],[64306, 65486],[64332, 65486],[64361, 65488],[64377, 65488],[64380, 65491],[64422, 65491],[64448, 65494],[64467, 65494],[64485, 65496],[64512, 65496],[64535, 65499],[64570, 65499],[64583, 65502],[64594, 65502],[64617, 65504],[64644, 65507],[64675, 65520],[64689, 65528],[64702, 65536],[64712, 65541],[64720, 65549],[64728, 65555],[64731, 65557],[64739, 65560],[64747, 65565],[64755, 65573],[64765, 65578],[64781, 65594],[64786, 65599],[64789, 65599],[64792, 65602],[64797, 65605],[64815, 65605],[64829, 65607],[64903, 65607],[64913, 65605],[64924, 65602],[64929, 65599],[64932, 65599],[64934, 65597],[64942, 65594],[64953, 65589],[64961, 65586],[64971, 65578],[64982, 65576],[64987, 65573],[64990, 65573],[64995, 65570],[65003, 65568],[65016, 65565],[65029, 65562],[65043, 65560],[65050, 65557],[65117, 65557],[65124, 65555],[65130, 65552],[65140, 65549],[65153, 65547],[65164, 65541],[65183, 65541],[65193, 65539],[65212, 65531],[65225, 65523],[65227, 65515],[65230, 65510],[65230, 65507],[65230, 65504],[65230, 65499],[65230, 65496],[65230, 65494],[65227, 65494],[65222, 65491],[65209, 65488],[65185, 65483],[65153, 65473],[65138, 65467],[65122, 65462],[65106, 65459],[65098, 65457],[65045, 65457],[65019, 65454],[65006, 65452],[65000, 65449],[64995, 65446],[64992, 65446],[64990, 65441],[64987, 65441],[64984, 65436],[64982, 65436],[64982, 65433],[64982, 65425],[64979, 65420],[64977, 65412],[64977, 65409],[64977, 65399],[64974, 65393],[64974, 65386.5],[64977, 65388],[64982, 65391],[64984, 65393],[64992, 65393],[64998, 65396],[65003, 65399],[65008, 65401],[65014, 65404],[65029, 65404],[65032, 65407],[65040, 65407],[65045, 65409],[65050, 65412],[65095, 65412],[65103, 65409],[65109, 65409],[65109, 65407],[65135, 65407],[65143, 65404],[65151, 65404],[65156, 65401],[65161, 65401],[65167, 65399],[65169, 65396],[65172, 65393],[65172, 65391],[65177, 65391],[65177, 65385],[65180, 65383],[65183, 65383],[65185, 65380],[65190, 65378],[65196, 65375],[65201, 65370],[65209, 65364],[65214, 65362],[65220, 65356],[65227, 65354],[65235, 65348],[65241, 65346],[65249, 65341],[65254, 65335],[65259, 65335],[65264, 65333],[65272, 65327],[65275, 65325],[65278, 65319],[65280, 65317],[65286, 65312],[65291, 65309],[65296, 65304],[65299, 65301],[65299, 65298],[65301, 65290],[65307, 65272],[65312, 65259],[65315, 65251],[65317, 65245],[65317, 65243],[65317, 65238],[65317, 65232],[65317, 65227],[65317, 65224],[65315, 65219],[65312, 65208],[65312, 65198],[65309, 65185],[65307, 65177],[65307, 65174],[65307, 65172],[65304, 65169],[65301, 65164],[65296, 65161],[65293, 65156],[65288, 65148],[65286, 65145],[65283, 65145],[65283, 65142],[65280, 65140],[65275, 65137],[65272, 65132],[65267, 65124],[65262, 65119],[65257, 65113],[65254, 65111],[65254, 65105],[65249, 65100],[65243, 65098],[65238, 65087],[65230, 65074],[65227, 65063],[65220, 65047],[65212, 65034],[65204, 65024],[65198, 65018],[65193, 65010],[65190, 65005],[65188, 65000],[65185, 64997],[65183, 64997],[65180, 64995],[65175, 64989],[65161, 64979],[65156, 64976],[65153, 64971],[65148, 64968],[65140, 64965],[65132, 64963],[65130, 64960],[65122, 64955],[65117, 64952],[65103, 64947],[65085, 64942],[65066, 64936],[65048, 64929],[65032, 64923],[65024, 64921],[65011, 64915],[65003, 64910],[64990, 64902],[64982, 64899],[64969, 64892],[64955, 64878],[64942, 64868],[64929, 64857],[64916, 64847],[64903, 64831],[64892, 64818],[64884, 64812],[64879, 64804],[64871, 64794],[64866, 64786],[64855, 64775],[64847, 64765],[64842, 64759],[64839, 64754],[64831, 64749],[64821, 64741],[64815, 64733],[64805, 64720],[64800, 64715],[64789, 64701],[64771, 64688],[64755, 64678],[64720, 64664],[64694, 64651],[64678, 64641],[64673, 64641],[64670, 64635],[64662, 64633],[64617, 64625],[64562, 64625],[64493, 64622],[64427, 64614],[64372, 64612],[64316, 64604],[64279, 64593],[64258, 64588],[64234, 64580],[64192, 64575],[64150, 64559],[64118, 64551],[64094, 64546],[64063, 64532],[64049, 64530],[64026, 64524],[63999, 64519],[63968, 64511],[63938, 64506],[63917, 64501],[63896, 64493],[63878, 64487],[63849, 64477],[63817, 64466],[63759, 64450],[63735, 64440],[63701, 64435],[63661, 64427],[63614, 64424],[63569, 64413],[63526, 64403],[63489, 64392],[63442, 64382],[63394, 64371],[63357, 64361],[63310, 64350],[63283, 64339],[63265, 64332],[63252, 64329],[63231, 64326],[63085, 64326],[63054, 64329],[63038, 64332],[63017, 64334],[62998, 64339],[62977, 64345],[62964, 64350],[62951, 64355],[62945, 64358],[62943, 64358],[62940, 64361],[62935, 64363],[62929, 64366],[62919, 64376],[62908, 64384],[62893, 64395],[62882, 64413],[62861, 64435],[62848, 64448],[62837, 64461],[62829, 64474],[62826, 64482],[62821, 64498],[62819, 64511]]]},"properties":{"objectType":"annotation","name":"GC"}},{"type":"Feature","id":"0f389f1d-966b-4239-812b-0d98c4ca48e3","geometry":{"type":"Polygon","coordinates":[[[52347, 36631],[52347, 36644],[52347, 36662],[52347, 36684],[52351, 36716],[52360, 36742],[52373, 36782],[52378, 36809],[52387, 36849],[52391, 36876],[52405, 36930],[52409, 36957],[52409, 36992],[52413, 37015],[52418, 37041],[52418, 37068],[52422, 37090],[52427, 37117],[52427, 37149],[52431, 37189],[52431, 37220],[52431, 37251],[52436, 37291],[52440, 37314],[52445, 37332],[52449, 37340],[52454, 37358],[52458, 37367],[52463, 37390],[52467, 37407],[52476, 37430],[52489, 37452],[52494, 37465],[52507, 37474],[52507, 37479],[52516, 37488],[52525, 37501],[52534, 37519],[52552, 37541],[52556, 37555],[52565, 37577],[52574, 37595],[52583, 37617],[52592, 37631],[52605, 37653],[52614, 37675],[52632, 37698],[52641, 37720],[52650, 37742],[52659, 37765],[52668, 37787],[52677, 37800],[52681, 37818],[52695, 37827],[52704, 37845],[52708, 37858],[52713, 37872],[52722, 37885],[52726, 37894],[52735, 37921],[52739, 37930],[52744, 37939],[52744, 37952],[52744, 37956],[52744, 37965],[52744, 37974],[52744, 37988],[52739, 38001],[52735, 38015],[52735, 38028],[52735, 38037],[52735, 38041],[52744, 38041],[52811, 38015],[52855, 37997],[52900, 37956],[52931, 37925],[52949, 37907],[52958, 37894],[52971, 37872],[52998, 37849],[53016, 37832],[53034, 37814],[53056, 37800],[53074, 37782],[53101, 37773],[53132, 37765],[53159, 37756],[53172, 37756],[53177, 37751],[53387, 37751],[53396, 37747],[53404, 37747],[53409, 37742],[53418, 37742],[53418, 37738],[53422, 37724],[53427, 37724],[53440, 37711],[53445, 37698],[53458, 37684],[53463, 37680],[53463, 37675],[53467, 37671],[53467, 37666],[53476, 37666],[53480, 37657],[53489, 37648],[53494, 37644],[53503, 37631],[53507, 37617],[53512, 37608],[53525, 37595],[53538, 37582],[53556, 37555],[53565, 37546],[53579, 37523],[53587, 37506],[53587, 37497],[53587, 37488],[53592, 37483],[53592, 37474],[53592, 37470],[53592, 37461],[53592, 37448],[53587, 37439],[53587, 37430],[53583, 37425],[53579, 37421],[53570, 37407],[53565, 37407],[53556, 37394],[53552, 37385],[53547, 37372],[53538, 37363],[53534, 37354],[53534, 37349],[53529, 37340],[53525, 37332],[53521, 37323],[53516, 37314],[53512, 37305],[53512, 37300],[53512, 37291],[53512, 37287],[53507, 37282],[53503, 37274],[53498, 37265],[53498, 37256],[53494, 37251],[53494, 37229],[53494, 37224],[53494, 37215],[53489, 37207],[53485, 37193],[53485, 37180],[53480, 37166],[53471, 37153],[53471, 37144],[53467, 37126],[53463, 37122],[53458, 37104],[53454, 37095],[53449, 37086],[53445, 37082],[53445, 37077],[53440, 37068],[53436, 37059],[53431, 37059],[53431, 37055],[53418, 37046],[53396, 37032],[53369, 37024],[53355, 37015],[53342, 37010],[53338, 37010],[53338, 37006],[53329, 37006],[53324, 37001],[53320, 36997],[53315, 36997],[53311, 36992],[53302, 36988],[53288, 36988],[53279, 36983],[53266, 36974],[53257, 36974],[53253, 36970],[53248, 36966],[53235, 36966],[53230, 36961],[53226, 36957],[53221, 36957],[53217, 36943],[53208, 36934],[53199, 36921],[53195, 36903],[53190, 36890],[53186, 36863],[53181, 36841],[53181, 36827],[53177, 36805],[53177, 36787],[53177, 36769],[53177, 36756],[53177, 36747],[53177, 36738],[53177, 36729],[53177, 36724],[53177, 36707],[53177, 36693],[53177, 36680],[53177, 36671],[53177, 36662],[53177, 36653],[53177, 36649],[53177, 36644],[53177, 36640],[53172, 36635],[53172, 36626],[53168, 36617],[53163, 36599],[53154, 36599],[53154, 36595],[53146, 36595],[53105, 36608],[53079, 36617],[53052, 36626],[53030, 36635],[53021, 36640],[53012, 36644],[52985, 36644],[52967, 36640],[52963, 36635],[52958, 36631],[52949, 36622],[52940, 36613],[52931, 36604],[52931, 36599],[52927, 36595],[52927, 36591],[52918, 36591],[52913, 36586],[52909, 36586],[52873, 36599],[52851, 36613],[52824, 36622],[52811, 36626],[52806, 36626],[52802, 36631],[52793, 36631],[52780, 36635],[52757, 36635],[52739, 36640],[52677, 36640],[52650, 36644],[52628, 36649],[52619, 36649],[52610, 36653],[52547, 36653],[52543, 36649],[52538, 36649],[52525, 36644],[52521, 36640],[52507, 36640],[52507, 36635],[52489, 36631],[52472, 36622],[52458, 36617],[52440, 36617],[52436, 36613],[52351, 36613],[52347, 36631]]]},"properties":{"objectType":"annotation","name":"INV"}},{"type":"Feature","id":"0c07fb64-4516-4961-9408-134059c96743","geometry":{"type":"Polygon","coordinates":[[[54112, 37253],[54112, 37263],[54112, 37272],[54112, 37281],[54112, 37294],[54112, 37311],[54112, 37327],[54115, 37345],[54120, 37361],[54124, 37381],[54131, 37403],[54135, 37414],[54137, 37424],[54138, 37433],[54140, 37441],[54143, 37452],[54146, 37463],[54149, 37477],[54152, 37486],[54154, 37497],[54157, 37508],[54160, 37519],[54163, 37530],[54167, 37539],[54170, 37547],[54171, 37555],[54174, 37564],[54177, 37570],[54179, 37574],[54181, 37578],[54184, 37580],[54185, 37581],[54192, 37583],[54209, 37586],[54226, 37589],[54246, 37592],[54263, 37594],[54276, 37595],[54307, 37595],[54326, 37597],[54343, 37597],[54368, 37599],[54385, 37599],[54404, 37602],[54426, 37603],[54442, 37603],[54459, 37605],[54481, 37605],[54496, 37606],[54507, 37608],[54520, 37609],[54531, 37613],[54535, 37616],[54543, 37617],[54556, 37622],[54574, 37627],[54593, 37630],[54617, 37635],[54624, 37638],[54637, 37641],[54646, 37644],[54668, 37647],[54707, 37655],[54734, 37658],[54753, 37661],[54767, 37664],[54779, 37667],[54798, 37670],[54850, 37670],[54879, 37669],[54903, 37666],[54925, 37663],[54946, 37660],[54973, 37656],[54996, 37649],[55014, 37641],[55026, 37633],[55028, 37631],[55028, 37628],[55029, 37627],[55034, 37622],[55036, 37617],[55040, 37613],[55045, 37605],[55050, 37599],[55056, 37591],[55062, 37584],[55065, 37578],[55067, 37575],[55068, 37574],[55071, 37572],[55075, 37569],[55082, 37563],[55087, 37561],[55089, 37558],[55092, 37555],[55098, 37550],[55103, 37545],[55111, 37541],[55114, 37539],[55115, 37539],[55115, 37538],[55117, 37538],[55128, 37531],[55134, 37528],[55142, 37525],[55145, 37524],[55150, 37524],[55150, 37519],[55157, 37509],[55161, 37502],[55164, 37497],[55165, 37494],[55167, 37491],[55167, 37488],[55168, 37483],[55168, 37480],[55168, 37470],[55164, 37463],[55157, 37453],[55154, 37447],[55146, 37442],[55125, 37442],[55106, 37450],[55092, 37458],[55078, 37464],[55068, 37467],[55061, 37474],[55050, 37478],[55042, 37481],[55032, 37484],[55025, 37486],[55014, 37489],[54998, 37492],[54981, 37495],[54954, 37499],[54932, 37502],[54871, 37502],[54862, 37497],[54851, 37492],[54845, 37491],[54840, 37488],[54832, 37481],[54828, 37470],[54823, 37463],[54820, 37455],[54818, 37445],[54817, 37436],[54815, 37425],[54815, 37416],[54815, 37402],[54815, 37391],[54815, 37380],[54815, 37369],[54814, 37353],[54812, 37341],[54810, 37331],[54809, 37323],[54807, 37314],[54806, 37306],[54804, 37297],[54803, 37284],[54801, 37270],[54800, 37259],[54798, 37248],[54796, 37234],[54795, 37223],[54793, 37208],[54790, 37194],[54790, 37181],[54790, 37169],[54790, 37153],[54789, 37142],[54785, 37123],[54784, 37108],[54779, 37086],[54776, 37072],[54773, 37062],[54770, 37052],[54767, 37041],[54764, 37033],[54760, 37025],[54756, 37016],[54753, 37009],[54751, 37006],[54751, 37005],[54748, 37002],[54745, 36998],[54740, 36992],[54735, 36986],[54732, 36980],[54726, 36972],[54724, 36970],[54721, 36969],[54721, 36967],[54718, 36967],[54712, 36966],[54682, 36966],[54668, 36967],[54649, 36973],[54628, 36981],[54601, 36992],[54568, 37006],[54549, 37014],[54532, 37022],[54515, 37030],[54493, 37037],[54470, 37047],[54445, 37055],[54417, 37064],[54392, 37072],[54370, 37078],[54357, 37081],[54346, 37084],[54326, 37092],[54301, 37100],[54267, 37111],[54238, 37122],[54213, 37133],[54198, 37139],[54187, 37147],[54179, 37153],[54171, 37161],[54162, 37172],[54146, 37188],[54132, 37206],[54117, 37231],[54113, 37244],[54112, 37253]]]},"properties":{"objectType":"annotation","name":"INV"}},{"type":"Feature","id":"0befe748-c74a-4f06-b6ba-4628cf1902f9","geometry":{"type":"Polygon","coordinates":[[[74349, 43530],[74349, 43568],[74349, 43613],[74349, 43658],[74349, 43734],[74349, 43787],[74379, 43855],[74394, 43938],[74409, 44013],[74432, 44088],[74447, 44164],[74462, 44232],[74499, 44337],[74530, 44420],[74545, 44503],[74560, 44549],[74575, 44609],[74597, 44669],[74613, 44722],[74628, 44775],[74643, 44820],[74665, 44858],[74696, 44903],[74696, 44918],[74718, 44948],[74726, 44971],[74748, 45001],[74771, 45039],[74801, 45092],[74824, 45129],[74869, 45190],[74907, 45235],[74960, 45288],[75005, 45326],[75080, 45371],[75141, 45401],[75178, 45409],[75261, 45431],[75344, 45446],[75465, 45446],[75608, 45461],[75684, 45469],[75752, 45477],[75827, 45484],[76099, 45484],[76114, 45477],[76136, 45469],[76167, 45469],[76204, 45446],[76227, 45424],[76272, 45394],[76333, 45371],[76385, 45341],[76446, 45303],[76506, 45280],[76574, 45250],[76634, 45228],[76672, 45220],[76717, 45212],[76763, 45205],[76800, 45197],[76830, 45190],[76846, 45182],[76868, 45175],[76913, 45167],[76989, 45160],[77034, 45145],[77064, 45145],[77072, 45137],[77079, 45137],[77087, 45129],[77102, 45114],[77125, 45099],[77132, 45092],[77140, 45077],[77147, 45062],[77178, 45031],[77193, 45016],[77208, 45001],[77230, 44971],[77253, 44948],[77261, 44941],[77268, 44933],[77276, 44926],[77276, 44911],[77283, 44903],[77283, 44896],[77291, 44888],[77291, 44881],[77306, 44881],[77313, 44873],[77336, 44873],[77351, 44858],[77359, 44843],[77366, 44828],[77381, 44813],[77389, 44805],[77396, 44805],[77396, 44798],[77404, 44798],[77419, 44790],[77434, 44775],[77449, 44775],[77457, 44767],[77457, 44760],[77464, 44760],[77479, 44752],[77482.73, 44748.73],[77464, 44730],[77472, 44730],[77472, 44737],[77484.22, 44737],[77479, 44722],[77464, 44692],[77389, 44624],[77306, 44579],[77253, 44549],[77178, 44511],[77095, 44488],[76996, 44435],[76876, 44375],[76695, 44300],[76582, 44224],[76506, 44179],[76468, 44134],[76453, 44073],[76438, 43938],[76423, 43855],[76416, 43764],[76408, 43673],[76408, 43583],[76408, 43523],[76408, 43455],[76408, 43394],[76416, 43319],[76446, 43251],[76468, 43176],[76506, 43115],[76529, 43070],[76559, 42979],[76574, 42927],[76604, 42844],[76619, 42768],[76627, 42693],[76634, 42610],[76634, 42549],[76634, 42497],[76619, 42436],[76604, 42383],[76574, 42338],[76521, 42278],[76468, 42233],[76416, 42187],[76363, 42165],[76287, 42135],[76212, 42112],[76174, 42097],[76129, 42082],[76084, 42059],[76053, 42052],[76016, 42044],[75955, 42036],[75835, 42021],[75533, 42021],[75435, 42029],[75344, 42036],[75276, 42074],[75193, 42119],[75080, 42195],[74967, 42285],[74854, 42383],[74771, 42474],[74688, 42572],[74620, 42700],[74582, 42783],[74530, 42896],[74477, 43002],[74439, 43153],[74401, 43311],[74379, 43417],[74356, 43485],[74349, 43530]]]},"properties":{"objectType":"annotation","name":"ST"}},{"type":"Feature","id":"56b89ce2-fe16-4f8d-ada8-353f58b99da2","geometry":{"type":"Polygon","coordinates":[[[49389, 47300],[49389, 47304],[49389, 47309],[49389, 47317],[49393, 47326],[49393, 47344],[49393, 47358],[49398, 47371],[49398, 47398],[49398, 47425],[49398, 47434],[49398, 47456],[49407, 47469],[49416, 47469],[49420, 47474],[49469, 47474],[49478, 47469],[49500, 47469],[49514, 47465],[49536, 47465],[49554, 47460],[49563, 47456],[49581, 47451],[49599, 47451],[49612, 47447],[49616, 47447],[49625, 47442],[49639, 47438],[49648, 47434],[49661, 47429],[49679, 47425],[49692, 47416],[49719, 47407],[49737, 47402],[49750, 47398],[49759, 47393],[49768, 47393],[49782, 47389],[49804, 47380],[49826, 47371],[49835, 47367],[49853, 47358],[49866, 47353],[49871, 47349],[49898, 47335],[49911, 47331],[49920, 47326],[49933, 47322],[49938, 47317],[49947, 47317],[49956, 47309],[49965, 47304],[49982, 47295],[49991, 47291],[50005, 47286],[50009, 47282],[50018, 47277],[50023, 47273],[50036, 47273],[50054, 47268],[50063, 47268],[50076, 47259],[50085, 47259],[50099, 47255],[50103, 47251],[50112, 47251],[50121, 47246],[50134, 47237],[50148, 47228],[50152, 47224],[50157, 47219],[50161, 47215],[50165, 47210],[50170, 47206],[50174, 47206],[50188, 47197],[50192, 47188],[50197, 47188],[50206, 47184],[50206, 47179],[50219, 47175],[50219, 47170],[50228, 47166],[50237, 47161],[50246, 47152],[50255, 47148],[50259, 47143],[50264, 47130],[50273, 47130],[50277, 47126],[50277, 47117],[50286, 47112],[50290, 47103],[50295, 47099],[50304, 47085],[50308, 47076],[50317, 47072],[50322, 47067],[50322, 47063],[50326, 47054],[50335, 47045],[50344, 47032],[50357, 47009],[50371, 46983],[50380, 46965],[50384, 46956],[50389, 46938],[50398, 46925],[50407, 46902],[50411, 46880],[50415, 46862],[50424, 46840],[50429, 46818],[50429, 46795],[50433, 46777],[50438, 46759],[50438, 46751],[50442, 46746],[50447, 46737],[50447, 46733],[50451, 46728],[50451, 46724],[50451, 46710],[50451, 46701],[50451, 46688],[50451, 46675],[50451, 46670],[50451, 46666],[50451, 46648],[50451, 46639],[50451, 46626],[50447, 46617],[50438, 46603],[50433, 46599],[50420, 46585],[50411, 46576],[50407, 46572],[50389, 46563],[50353, 46563],[50344, 46568],[50331, 46568],[50322, 46572],[50313, 46576],[50299, 46581],[50290, 46585],[50277, 46585],[50277, 46590],[50268, 46594],[50264, 46599],[50255, 46603],[50255, 46608],[50246, 46612],[50237, 46617],[50228, 46621],[50224, 46626],[50219, 46626],[50215, 46630],[50206, 46639],[50201, 46643],[50192, 46652],[50183, 46661],[50179, 46675],[50170, 46688],[50165, 46688],[50161, 46697],[50157, 46706],[50148, 46715],[50143, 46724],[50139, 46724],[50130, 46733],[50125, 46737],[50121, 46742],[50112, 46746],[50099, 46759],[50090, 46773],[50076, 46782],[50072, 46791],[50058, 46795],[50054, 46800],[50045, 46809],[50032, 46818],[50023, 46826],[50009, 46844],[50000, 46844],[50000, 46849],[49991, 46858],[49982, 46862],[49978, 46876],[49965, 46889],[49960, 46893],[49956, 46893],[49956, 46902],[49947, 46911],[49929, 46925],[49911, 46929],[49893, 46938],[49889, 46951],[49875, 46960],[49866, 46960],[49857, 46964.85],[49857, 46965],[49853, 46969],[49853, 46974],[49853, 46983],[49849, 46992],[49840, 47001],[49835, 47005],[49831, 47005],[49826, 47009],[49817, 47014],[49804, 47014],[49795, 47018],[49782, 47023],[49777, 47027],[49768, 47027],[49759, 47032],[49755, 47041],[49737, 47045],[49728, 47050],[49715, 47054],[49706, 47063],[49701, 47063],[49697, 47067],[49683, 47072],[49670, 47081],[49657, 47085],[49634, 47094],[49625, 47103],[49612, 47112],[49599, 47117],[49585, 47126],[49563, 47143],[49554, 47148],[49545, 47166],[49532, 47175],[49527, 47188],[49514, 47206],[49496, 47219],[49483, 47228],[49474, 47237],[49465, 47246],[49456, 47246],[49447, 47255],[49433, 47264],[49416, 47277],[49389, 47300]]]},"properties":{"objectType":"annotation","name":"INV"}},{"type":"Feature","id":"9fb419a4-fe07-4b9a-842a-9f2a57ec27c3","geometry":{"type":"Polygon","coordinates":[[[50884, 47828],[50884, 47836],[50884, 47842],[50884, 47848],[50884, 47853],[50884, 47857],[50886, 47857],[50886, 47859],[50886, 47861],[50890, 47865],[50892, 47867],[50894, 47871],[50898, 47873],[50902, 47877],[50906, 47881],[50908, 47885],[50914, 47891],[50920, 47897],[50924, 47903],[50928, 47911],[50932, 47915],[50916, 47883],[50918, 47883],[50918, 47885],[50922, 47885],[50924, 47887],[50930, 47887],[50932, 47889],[50937, 47891],[50939, 47893],[50943, 47893],[50945, 47895],[50949, 47895],[50951, 47897],[50953, 47899],[50953, 47903],[50955, 47905],[50961, 47915],[50963, 47920],[50967, 47928],[50971, 47934],[50975, 47938],[50977, 47944],[50979, 47944],[50983, 47948],[50985, 47954],[50989, 47960],[50995, 47966],[51002, 47972],[51006, 47976],[51012, 47981],[51014, 47983],[51020, 47985],[51020, 47987],[51028, 47991],[51036, 47993],[51044, 47993],[51050, 47991],[51056, 47987],[51062, 47985],[51067, 47981],[51069, 47976],[51069, 47974],[51071, 47972],[51073, 47968],[51077, 47964],[51079, 47956],[51085, 47950],[51087, 47950],[51089, 47948],[51091, 47944],[51093, 47940],[51095, 47938],[51097, 47936],[51099, 47932],[51101, 47928],[51103, 47922],[51103, 47920],[51103, 47915],[51103, 47911],[51103, 47909],[51103, 47903],[51103, 47901],[51101, 47897],[51101, 47893],[51101, 47889],[51099, 47883],[51095, 47875],[51093, 47871],[51089, 47865],[51087, 47861],[51085, 47857],[51081, 47850],[51079, 47848],[51075, 47844],[51071, 47840],[51069, 47836],[51062, 47832],[51056, 47828],[51048, 47820],[51042, 47814],[51036, 47812],[51032, 47810],[51028, 47808],[51026, 47808],[51022, 47806],[51020, 47806],[51014, 47804],[51012, 47802],[51006, 47802],[50999, 47800],[50995, 47800],[50993, 47798],[50989, 47796],[50987, 47796],[50981, 47792],[50928, 47792],[50922, 47794],[50918, 47796],[50914, 47796],[50910, 47798],[50908, 47800],[50904, 47802],[50900, 47802],[50898, 47804],[50896, 47806],[50894, 47808],[50892, 47810],[50888, 47816],[50886, 47818],[50886, 47820],[50884, 47828]]]},"properties":{"objectType":"annotation","name":"GC"}},{"type":"Feature","id":"8bed33d0-feef-4bd5-b070-70fa9c243889","geometry":{"type":"Polygon","coordinates":[[[50070, 50021],[50070, 50028],[50070, 50042],[50070, 50052],[50070, 50066],[50073, 50076],[50084, 50090],[50087, 50104],[50094, 50111],[50098, 50114],[50098, 50118],[50101, 50121],[50104, 50124],[50108, 50124],[50118, 50138],[50122, 50142],[50125, 50142],[50128, 50149],[50132, 50152],[50135, 50155],[50142, 50155],[50149, 50162],[50187, 50162],[50194, 50166],[50197, 50166],[50201, 50173],[50207, 50186],[50211, 50197],[50211, 50207],[50218, 50214],[50218, 50217],[50225, 50221],[50225, 50224],[50231, 50228],[50331, 50228],[50345, 50224],[50358, 50217],[50365, 50210],[50372, 50203],[50379, 50200],[50393, 50193],[50407, 50186],[50413, 50179],[50420, 50176],[50427, 50173],[50434, 50166],[50448, 50166],[50451, 50162],[50458, 50159],[50465, 50155],[50479, 50149],[50492, 50145],[50506, 50142],[50523, 50135],[50537, 50131],[50719, 50131],[50740, 50135],[50753, 50135],[50774, 50138],[50798, 50142],[50825, 50149],[50846, 50149],[50870, 50152],[50877, 50155],[50891, 50155],[50904, 50159],[50922, 50159],[50959, 50169],[50980, 50169],[50997, 50173],[51018, 50176],[51056, 50176],[51062, 50179],[51080, 50179],[51090, 50183],[51104, 50183],[51104, 50186],[51131, 50186],[51135, 50183],[51138, 50183],[51141, 50179],[51143.83, 50179],[51138, 50159],[51131, 50138],[51131, 50121],[51128, 50107],[51128, 50100],[51128, 50080],[51131, 50059],[51135, 50049],[51138, 50035],[51141, 50025],[51145, 50025],[51148, 50018],[51159, 50011],[51165, 50008],[51176, 50004],[51189, 50001],[51210, 49994],[51238, 49987],[51265, 49977],[51272, 49977],[51286, 49963],[51296, 49946],[51303, 49929],[51306, 49918],[51310, 49905],[51310, 49898],[51310, 49884],[51313, 49857],[51317, 49843],[51320, 49829],[51320, 49815],[51320, 49809],[51320, 49798],[51320, 49791],[51320, 49778],[51320, 49771],[51320, 49761],[51320, 49750],[51317, 49736],[51313, 49726],[51313, 49716],[51310, 49709],[51306, 49702],[51303, 49692],[51299, 49685],[51296, 49675],[51292, 49671],[51286, 49664],[51279, 49657],[51275, 49651],[51268, 49644],[51262, 49633],[51258, 49630],[51251, 49630],[51251, 49627],[51248, 49627],[51241, 49623],[51234, 49616],[51227, 49613],[51217, 49609],[51210, 49606],[51200, 49606],[51196, 49603],[51183, 49599],[51176, 49599],[51162, 49596],[51141, 49596],[51117, 49592],[51097, 49585],[50994, 49585],[50977, 49589],[50956, 49592],[50942, 49596],[50935, 49599],[50932, 49599],[50928, 49603],[50925, 49606],[50911, 49609],[50898, 49616],[50887, 49620],[50870, 49623],[50867, 49627],[50853, 49633],[50819, 49644],[50781, 49651],[50753, 49661],[50736, 49664],[50726, 49668],[50719, 49668],[50709, 49671],[50695, 49678],[50678, 49685],[50661, 49695],[50640, 49702],[50623, 49706],[50609, 49709],[50606, 49712],[50595, 49716],[50589, 49719],[50575, 49723],[50568, 49723],[50561, 49726],[50551, 49730],[50544, 49733],[50537, 49736],[50534, 49740],[50523, 49743],[50520, 49747],[50520, 49754],[50513, 49754],[50506, 49761],[50499, 49771],[50489, 49778],[50479, 49788],[50468, 49798],[50458, 49805],[50451, 49809],[50444, 49815],[50434, 49826],[50431, 49829],[50420, 49836],[50410, 49843],[50407, 49846],[50396, 49853],[50393, 49857],[50389, 49857],[50379, 49860],[50372, 49864],[50362, 49867],[50355, 49874],[50345, 49874],[50338, 49877],[50321, 49881],[50304, 49884],[50293, 49888],[50283, 49891],[50273, 49894],[50266, 49898],[50255, 49898],[50249, 49901],[50242, 49905],[50238, 49908],[50231, 49912],[50228, 49912],[50225, 49915],[50218, 49918],[50214, 49922],[50207, 49929],[50197, 49929],[50190, 49936],[50177, 49943],[50173, 49943],[50163, 49946],[50152, 49949],[50142, 49953],[50128, 49960],[50125, 49960],[50118, 49963],[50115, 49963],[50111, 49967],[50104, 49973],[50098, 49977],[50087, 49980],[50087, 49984],[50084, 49984],[50084, 49987],[50080, 49991],[50077, 49994],[50077, 50004],[50073, 50011],[50070, 50021]]]},"properties":{"objectType":"annotation","name":"INV"}},{"type":"Feature","id":"fdf77799-2aec-4ded-8c74-0b773b62ada4","geometry":{"type":"Polygon","coordinates":[[[49637, 48721],[49637, 48729],[49637, 48733],[49639, 48740],[49639, 48744],[49641, 48746],[49643, 48748],[49645, 48750],[49651, 48752],[49661, 48754],[49666, 48756],[49755, 48756],[49759, 48754],[49779, 48754],[49800, 48750],[49812, 48748],[49822, 48746],[49828, 48746],[49830, 48742],[49832, 48740],[49836, 48740],[49842, 48735],[49846, 48735],[49852, 48738],[49856, 48746],[49861, 48750],[49863, 48758],[49863, 48764],[49865, 48772],[49865, 48780],[49865, 48792],[49865, 48798],[49865, 48807],[49865, 48811],[49865, 48819],[49863, 48823],[49863, 48825],[49863, 48827],[49863, 48829],[49863, 48831],[49869, 48837],[49875, 48839],[49881, 48841],[49891, 48845],[49911, 48849],[49930, 48853],[49944, 48857],[49960, 48863],[49970, 48868],[49982, 48872],[49997, 48874],[50025, 48884],[50041, 48888],[50052, 48890],[50058, 48894],[50068, 48900],[50070, 48902],[50078, 48906],[50088, 48914],[50098, 48920],[50104, 48926],[50113, 48935],[50121, 48943],[50127, 48949],[50133, 48955],[50135, 48957],[50137, 48959],[50139, 48961],[50143, 48965],[50143, 48969],[50145, 48975],[50147, 48979],[50147, 48987],[50147, 48992],[50147, 49000],[50147, 49004],[50139, 49014],[50133, 49018],[50125, 49024],[50115, 49030],[50100, 49036],[50084, 49040],[50068, 49044],[50052, 49044],[50043, 49046],[50001, 49046],[49987, 49042],[49972, 49036],[49958, 49034],[49944, 49030],[49932, 49026],[49926, 49024],[49919, 49022],[49909, 49018],[49901, 49014],[49891, 49010],[49877, 49004],[49867, 49002],[49863, 49000],[49856, 48998],[49852, 48998],[49844, 48996],[49781, 48996],[49777, 48998],[49775, 49000],[49767, 49002],[49765, 49004],[49761, 49008],[49755, 49012],[49751, 49016],[49747, 49020],[49745, 49022],[49739, 49026],[49739, 49030],[49735, 49032],[49731, 49036],[49728, 49038],[49724, 49044],[49720, 49048],[49718, 49050],[49716, 49052],[49714, 49054],[49710, 49061],[49706, 49063],[49702, 49069],[49700, 49071],[49700, 49077],[49698, 49081],[49696, 49089],[49694, 49093],[49694, 49099],[49694, 49107],[49696, 49111],[49702, 49124],[49708, 49132],[49712, 49142],[49720, 49154],[49728, 49166],[49737, 49180],[49743, 49191],[49749, 49199],[49755, 49203],[49759, 49211],[49763, 49217],[49769, 49225],[49777, 49235],[49785, 49241],[49789, 49245],[49798, 49252],[49806, 49260],[49816, 49268],[49826, 49276],[49842, 49282],[49863, 49290],[49887, 49294],[49909, 49302],[49928, 49306],[49948, 49313],[49978, 49321],[49991, 49325],[50001, 49327],[50009, 49331],[50015, 49333],[50025, 49337],[50037, 49341],[50054, 49351],[50066, 49353],[50072, 49355],[50078, 49359],[50086, 49363],[50092, 49365],[50094, 49367],[50098, 49367],[50100, 49371],[50102, 49373],[50106, 49376],[50108, 49380],[50115, 49386],[50119, 49390],[50127, 49394],[50131, 49400],[50137, 49404],[50149, 49410],[50163, 49414],[50173, 49416],[50190, 49418],[50208, 49420],[50220, 49420],[50232, 49422],[50279, 49422],[50285, 49420],[50291, 49418],[50299, 49416],[50312, 49414],[50350, 49414],[50360, 49410],[50362, 49408],[50364, 49406],[50369, 49402],[50373, 49396],[50375, 49392],[50377, 49388],[50377, 49386],[50379, 49384],[50379, 49380],[50379, 49378],[50379, 49376],[50379, 49371],[50379, 49369],[50379, 49367],[50379, 49363],[50379, 49361],[50379, 49353],[50379, 49351],[50379, 49349],[50379, 49345],[50379, 49341],[50381, 49337],[50381, 49335],[50381, 49331],[50383, 49327],[50385, 49325],[50385.89, 49324.11],[50387, 49310.5],[50387, 49310],[50387, 49308],[50387, 49304],[50387, 49302],[50387, 49300],[50387, 49294],[50388.46, 49292.54],[50388.93, 49286.83],[50387, 49282],[50383, 49270],[50381, 49260],[50377, 49250],[50377, 49239],[50375, 49229],[50375, 49223],[50375, 49215],[50375, 49213],[50375, 49211],[50375, 49207],[50375, 49201],[50375, 49195],[50375, 49191],[50373, 49189],[50371, 49185],[50366, 49178],[50362, 49176],[50360, 49174],[50360, 49172],[50356, 49166],[50352, 49158],[50350, 49156],[50348, 49152],[50348, 49146],[50348, 49144],[50348, 49142],[50348, 49138],[50346, 49136],[50346, 49134],[50346, 49130],[50346, 49124],[50346, 49117],[50352, 49111],[50362, 49099],[50371, 49095],[50387, 49089],[50411, 49081],[50429, 49077],[50442, 49075],[50454, 49071],[50460, 49071],[50470, 49069],[50478, 49069],[50497, 49067],[50505, 49067],[50511, 49065],[50529, 49065],[50541, 49063],[50555, 49061],[50566, 49061],[50570, 49059],[50576, 49059],[50584, 49057],[50610, 49057],[50612, 49054],[50620, 49054],[50631, 49052],[50663, 49052],[50671, 49050],[50673, 49050],[50679, 49048],[50681, 49046],[50685, 49046],[50688, 49044],[50690, 49040],[50690, 49038],[50690, 49034],[50690, 49026],[50690, 49018],[50690, 49012],[50690, 49004],[50690, 48998],[50688, 48992],[50683, 48983],[50679, 48977],[50675, 48971],[50671, 48961],[50669, 48953],[50667, 48947],[50665, 48945],[50663, 48943],[50661, 48939],[50657, 48937],[50651, 48931],[50649, 48929],[50647, 48926],[50643, 48924],[50641, 48920],[50635, 48916],[50629, 48910],[50625, 48904],[50616, 48896],[50606, 48890],[50598, 48884],[50590, 48876],[50580, 48872],[50574, 48866],[50570, 48861],[50564, 48857],[50557, 48853],[50545, 48843],[50535, 48837],[50525, 48831],[50519, 48829],[50515, 48827],[50513, 48825],[50507, 48823],[50505, 48819],[50497, 48815],[50488, 48809],[50484, 48805],[50480, 48803],[50478, 48796],[50472, 48792],[50466, 48784],[50458, 48774],[50448, 48766],[50438, 48758],[50431, 48750],[50427, 48744],[50423, 48735],[50417, 48729],[50411, 48717],[50405, 48707],[50399, 48699],[50393, 48689],[50389, 48679],[50383, 48666],[50379, 48654],[50375, 48646],[50373, 48638],[50371, 48634],[50371, 48624],[50369, 48618],[50366, 48610],[50364, 48599],[50362, 48593],[50362, 48585],[50360, 48575],[50356, 48567],[50356, 48557],[50356, 48542],[50354, 48532],[50352, 48520],[50348, 48506],[50346, 48500],[50344, 48492],[50340, 48484],[50338, 48475],[50336, 48471],[50336, 48463],[50336, 48457],[50334, 48451],[50332, 48441],[50330, 48437],[50328, 48427],[50326, 48421],[50324, 48416],[50322, 48410],[50320, 48406],[50318, 48400],[50314, 48396],[50312, 48390],[50308, 48382],[50306, 48380],[50303, 48374],[50301, 48372],[50299, 48366],[50297, 48362],[50293, 48360],[50289, 48356],[50287, 48351],[50279, 48347],[50273, 48341],[50263, 48335],[50255, 48331],[50247, 48325],[50243, 48321],[50236, 48321],[50230, 48319],[50222, 48315],[50198, 48309],[50186, 48303],[50171, 48301],[50157, 48293],[50151, 48291],[50147, 48291],[50143, 48288],[50133, 48286],[50123, 48284],[50110, 48282],[50098, 48280],[50088, 48278],[50086, 48276],[50078, 48276],[50068, 48274],[50025, 48274],[50015, 48276],[50007, 48280],[50003, 48284],[49995, 48291],[49987, 48299],[49978, 48305],[49970, 48313],[49964, 48323],[49958, 48333],[49952, 48341],[49948, 48349],[49944, 48360],[49940, 48370],[49936, 48384],[49932, 48396],[49932, 48404],[49930, 48408],[49930, 48412],[49926, 48416],[49924, 48421],[49922, 48423],[49917, 48429],[49913, 48433],[49907, 48439],[49901, 48445],[49897, 48449],[49895, 48453],[49889, 48457],[49883, 48463],[49879, 48471],[49871, 48482],[49865, 48492],[49859, 48502],[49852, 48510],[49850, 48516],[49844, 48522],[49836, 48532],[49828, 48545],[49820, 48553],[49810, 48561],[49800, 48567],[49796, 48571],[49794, 48573],[49791, 48575],[49785, 48577],[49779, 48581],[49771, 48583],[49765, 48585],[49759, 48589],[49753, 48589],[49749, 48591],[49745, 48595],[49743, 48597],[49739, 48599],[49733, 48605],[49728, 48610],[49724, 48610],[49722, 48612],[49720, 48614],[49716, 48616],[49714, 48618],[49706, 48622],[49704, 48626],[49700, 48626],[49698, 48628],[49698, 48630],[49696, 48632],[49694, 48634],[49692, 48634],[49690, 48636],[49686, 48638],[49682, 48642],[49680, 48642],[49676, 48644],[49674, 48646],[49672, 48650],[49668, 48654],[49661, 48660],[49655, 48668],[49653, 48675],[49649, 48683],[49647, 48689],[49643, 48693],[49641, 48697],[49639, 48701],[49639, 48707],[49639, 48711],[49639, 48717],[49637, 48721]]]},"properties":{"objectType":"annotation","name":"INV"}},{"type":"Feature","id":"806ce53e-b9a8-4f8d-b5f1-9b9cb0267d73","geometry":{"type":"Polygon","coordinates":[[[56559, 62567],[56559, 62606],[56559, 62665],[56569, 62684],[56569, 62704],[56588, 62724],[56598, 62743],[56628, 62773],[56647, 62773],[56696, 62802],[56726, 62822],[56755, 62832],[56775, 62841],[56804, 62851],[56873, 62871],[56922, 62881],[56991, 62900],[57108, 62949],[57187, 62969],[57255, 62979],[57304, 62988],[57363, 62998],[57432, 63008],[57481, 63018],[57569, 63037],[58756, 63037],[58834, 63028],[58923, 63018],[58981, 63008],[59040, 62998],[59099, 62979],[59178, 62969],[59285, 62939],[59403, 62920],[59472, 62910],[59531, 62910],[59570, 62900],[59609, 62900],[59658, 62890],[59717, 62881],[59835, 62861],[59903, 62861],[59943, 62851],[59952, 62851],[59972, 62841],[60021, 62832],[60060, 62822],[60099, 62802],[60148, 62783],[60168, 62773],[60178, 62753],[60178, 62743],[60178, 62733],[60178, 62724],[60178, 62694],[60168, 62684],[60158, 62665],[60158, 62655],[60148, 62645],[60148, 62626],[60129, 62616],[60119, 62586],[60109, 62557],[60090, 62547],[60070, 62528],[60041, 62498],[60021, 62478],[59992, 62449],[59972, 62429],[59962, 62429],[59943, 62420],[59893, 62400],[59854, 62390],[59825, 62390],[59795, 62380],[59737, 62371],[59697, 62361],[59638, 62351],[59589, 62351],[59540, 62341],[59482, 62331],[59384, 62331],[59305, 62322],[59236, 62312],[59197, 62302],[59148, 62292],[59089, 62282],[59030, 62273],[58942, 62243],[58883, 62233],[58815, 62214],[58766, 62204],[58707, 62194],[58589, 62174],[58530, 62165],[58481, 62155],[58422, 62145],[58364, 62135],[58305, 62125],[58216, 62116],[58118, 62106],[58011, 62096],[57903, 62067],[57834, 62047],[57706, 62027],[57608, 62018],[57471, 61988],[57363, 61978],[57275, 61959],[57226, 61929],[57089, 61929],[57040, 61939],[56912, 61939],[56814, 61949],[56785, 61959],[56794, 61959],[56785, 61963.5],[56785, 61969],[56785, 61978],[56775, 61988],[56755, 61998],[56736, 62027],[56706, 62047],[56706, 62057],[56696, 62057],[56687, 62067],[56677, 62076],[56667, 62106],[56657, 62125],[56657, 62145],[56647, 62165],[56647, 62174],[56638, 62204],[56638, 62233],[56638, 62253],[56628, 62273],[56628, 62312],[56618, 62341],[56608, 62371],[56598, 62420],[56579, 62469],[56569, 62518],[56559, 62567]]]},"properties":{"objectType":"annotation","name":"VS"}},{"type":"Feature","id":"e8f26399-aa47-4f61-b90d-3fa93f8c0d82","geometry":{"type":"Polygon","coordinates":[[[51979, 48390],[51979, 48397],[51979, 48404],[51979, 48414],[51979, 48418],[51983, 48432],[51983, 48439],[51986, 48445],[51990, 48456],[51990, 48466],[51996, 48476],[52000, 48490],[52003, 48504],[52003, 48517],[52007, 48528],[52007, 48538],[52010, 48552],[52010, 48562],[52010, 48566],[52010, 48576],[52010, 48583],[52010, 48590],[52010, 48600],[52010, 48603],[52010, 48614],[52010, 48617],[52010, 48627],[52010, 48634],[52010, 48645],[52010, 48655],[52010, 48662],[52014, 48672],[52017, 48679],[52020, 48686],[52024, 48696],[52027, 48706],[52034, 48720],[52034, 48734],[52041, 48737],[52044, 48744],[52048, 48748],[52058, 48761],[52062, 48772],[52072, 48785],[52082, 48799],[52099, 48816],[52113, 48830],[52123, 48844],[52134, 48854],[52144, 48861],[52151, 48871],[52161, 48878],[52172, 48888],[52189, 48909],[52202, 48926],[52216, 48940],[52230, 48954],[52230, 48957],[52233, 48957],[52224.11, 48933],[52226, 48933],[52230, 48936],[52230, 48940],[52233, 48943],[52240, 48943],[52244, 48950],[52244, 48957],[52250, 48960],[52257, 48971],[52261, 48978],[52264, 48984],[52268, 48984],[52268, 48988],[52271, 48991],[52278, 48998],[52281, 49005],[52285, 49012],[52288, 49019],[52295, 49022],[52299, 49029],[52302, 49033],[52309, 49043],[52319, 49053],[52323, 49060],[52333, 49070],[52340, 49081],[52350, 49087],[52357, 49094],[52367, 49101],[52374, 49105],[52381, 49105],[52384, 49108],[52412, 49108],[52419, 49105],[52426, 49105],[52429, 49101],[52436, 49098],[52443, 49098],[52450, 49094],[52453, 49091],[52457, 49091],[52457, 49087],[52463, 49084],[52470, 49077],[52474, 49074],[52484, 49070],[52487, 49063],[52491, 49060],[52494, 49053],[52501, 49050],[52508, 49039],[52511, 49029],[52515, 49019],[52518, 49012],[52518, 49002],[52518, 48995],[52522, 48988],[52525, 48981],[52525, 48974],[52529, 48967],[52532, 48957],[52532, 48947],[52535, 48933],[52535, 48926],[52539, 48923],[52542, 48912],[52546, 48906],[52553, 48895],[52556, 48892],[52563, 48881],[52566, 48878],[52570, 48875],[52570, 48871],[52577, 48868],[52587, 48857],[52597, 48851],[52608, 48840],[52611, 48837],[52614, 48833],[52618, 48830],[52621, 48827],[52625, 48820],[52635, 48809],[52639, 48802],[52642, 48792],[52652, 48785],[52652, 48778],[52659, 48772],[52666, 48761],[52673, 48751],[52687, 48737],[52697, 48734],[52707, 48730],[52721, 48730],[52742, 48734],[52759, 48737],[52776, 48744],[52793, 48754],[52803, 48761],[52820, 48768],[52841, 48778],[52862, 48785],[52893, 48785],[52899, 48782],[52910, 48775],[52920, 48772],[52920, 48768],[52924, 48765],[52927, 48758],[52930, 48758],[52937, 48748],[52941, 48737],[52944, 48737],[52951, 48734],[52961, 48730],[52972, 48727],[53088, 48727],[53112, 48730],[53126, 48730],[53140, 48734],[53198, 48734],[53212, 48730],[53233, 48727],[53250, 48724],[53257, 48724],[53263, 48720],[53270, 48717],[53281, 48713],[53291, 48710],[53298, 48706],[53305, 48699],[53308, 48699],[53315, 48696],[53315, 48689],[53315, 48686],[53315, 48682],[53315, 48675],[53315, 48672],[53315, 48658],[53315, 48651],[53315, 48641],[53315, 48631],[53312, 48624],[53305, 48610],[53298, 48590],[53291, 48572],[53284, 48555],[53277, 48538],[53263, 48514],[53257, 48497],[53250, 48483],[53243, 48473],[53243, 48466],[53239, 48456],[53233, 48442],[53226, 48432],[53219, 48418],[53215, 48408],[53205, 48394],[53202, 48384],[53202, 48373],[53195, 48363],[53191, 48356],[53184, 48342],[53178, 48329],[53174, 48322],[53171, 48311],[53164, 48301],[53160, 48298],[53160, 48291],[53157, 48287],[53150, 48281],[53143, 48270],[53130, 48253],[53119, 48243],[53109, 48236],[53095, 48232],[53027, 48232],[53009, 48236],[52999, 48239],[52992, 48239],[52972, 48250],[52951, 48260],[52934, 48267],[52913, 48277],[52910, 48281],[52899, 48287],[52893, 48291],[52872, 48301],[52862, 48311],[52851, 48315],[52848, 48318],[52841, 48325],[52817, 48339],[52796, 48349],[52762, 48370],[52748, 48377],[52731, 48384],[52683, 48404],[52625, 48425],[52570, 48449],[52539, 48466],[52535, 48469],[52532, 48476],[52522, 48487],[52515, 48493],[52511, 48504],[52505, 48511],[52498, 48517],[52491, 48524],[52487, 48528],[52481, 48535],[52470, 48552],[52460, 48566],[52453, 48572],[52432, 48586],[52429, 48590],[52419, 48593],[52384, 48593],[52381, 48590],[52371, 48586],[52360, 48579],[52347, 48569],[52340, 48562],[52329, 48555],[52323, 48548],[52309, 48542],[52295, 48535],[52285, 48531],[52275, 48521],[52264, 48511],[52244, 48500],[52209, 48480],[52178, 48459],[52147, 48449],[52110, 48432],[52099, 48425],[52096, 48421],[52086, 48418],[52072, 48411],[52055, 48401],[52038, 48394],[52024, 48390],[51979, 48390]]]},"properties":{"objectType":"annotation","name":"INV"}},{"type":"Feature","id":"16c49a2a-583a-445b-81df-5219727180f0","geometry":{"type":"Polygon","coordinates":[[[64225, 58182],[64225, 58185],[64225, 58190],[64225, 58195],[64225, 58203],[64225, 58216],[64225, 58227],[64228, 58243],[64230, 58256],[64230, 58269],[64233, 58285],[64235, 58301],[64238, 58317],[64246, 58351],[64249, 58383],[64254, 58401],[64257, 58425],[64262, 58441],[64265, 58459],[64267, 58470],[64270, 58480],[64275, 58494],[64278, 58501],[64280, 58515],[64286, 58525],[64288, 58538],[64291, 58552],[64294, 58565],[64294, 58570],[64296, 58575],[64299, 58581],[64302, 58583],[64304, 58589],[64304, 58602],[64304, 58615],[64307, 58628],[64307, 58644],[64307, 58649],[64307, 58652],[64307, 58657],[64307, 58663],[64312, 58671],[64317, 58684],[64323, 58694],[64331, 58710],[64341, 58721],[64344, 58726],[64346, 58729],[64349, 58734],[64357, 58744],[64368, 58755],[64373, 58763],[64378, 58766],[64386, 58771],[64405, 58771],[64412, 58768],[64497, 58768],[64502, 58766],[64510, 58763],[64521, 58763],[64526, 58760],[64534, 58760],[64542, 58758],[64550, 58752],[64558, 58747],[64563, 58744],[64566, 58744],[64566, 58742],[64574, 58737],[64584, 58731],[64592, 58723],[64597, 58718],[64600, 58715],[64603, 58713],[64605, 58713],[64613, 58710],[64621, 58705],[64626, 58700],[64632, 58694],[64634, 58694],[64634, 58692],[64637, 58689],[64650, 58678],[64655, 58673],[64655, 58671],[64658, 58665],[64661, 58665],[64663, 58660],[64666, 58655],[64669, 58652],[64671, 58649],[64671, 58647],[64674, 58644],[64677, 58639],[64679, 58623],[64685, 58615],[64692, 58602],[64695, 58591],[64698, 58583],[64703, 58578],[64706, 58568],[64711, 58560],[64711, 58552],[64711, 58544],[64711, 58536],[64711, 58523],[64711, 58517],[64711, 58509],[64711, 58507],[64711, 58504],[64711, 58501],[64711, 58499],[64711, 58494],[64714, 58491],[64714, 58480],[64714, 58472],[64714, 58459],[64714, 58449],[64714, 58441],[64714, 58428],[64714, 58414],[64714, 58391],[64714, 58367],[64711, 58332],[64711, 58317],[64711, 58303],[64708, 58298],[64708, 58288],[64708, 58282],[64706, 58272],[64706, 58261],[64703, 58258],[64703, 58256],[64703, 58251],[64700, 58245],[64698, 58240],[64698, 58232],[64695, 58224],[64695, 58216],[64692, 58211],[64690, 58203],[64687, 58200],[64679, 58187],[64674, 58179],[64666, 58171],[64663, 58161],[64655, 58148],[64648, 58140],[64637, 58126],[64624, 58113],[64613, 58103],[64603, 58089],[64597, 58081],[64589, 58076],[64584, 58071],[64581, 58068],[64574, 58066],[64568, 58063],[64558, 58058],[64547, 58055],[64526, 58055],[64515, 58052],[64502, 58052],[64489, 58050],[64478, 58047],[64471, 58045],[64381, 58045],[64368, 58047],[64352, 58050],[64331, 58052],[64315, 58055],[64309, 58060],[64299, 58066],[64283, 58074],[64270, 58087],[64268.53, 58087.92],[64267, 58092],[64267, 58103],[64265, 58108],[64262, 58113],[64262, 58116],[64259, 58118],[64257, 58121],[64254, 58132],[64249, 58137],[64246, 58148],[64243, 58155],[64238, 58161],[64233, 58169],[64230, 58171],[64228, 58174],[64228, 58179],[64225, 58182]]]},"properties":{"objectType":"annotation","name":"INV"}},{"type":"Feature","id":"e770fe84-32f6-421c-ad17-640be65987ae","geometry":{"type":"Polygon","coordinates":[[[59744, 58211],[59744, 58215],[59744, 58220],[59744, 58228],[59744, 58237],[59744, 58251],[59744, 58264],[59744, 58273],[59744, 58282],[59744, 58295],[59744, 58304],[59744, 58313],[59744, 58318],[59744, 58322],[59744, 58327],[59749, 58336],[59749, 58340],[59749, 58349],[59753, 58353],[59753, 58358],[59758, 58367],[59758, 58376],[59762, 58380],[59767, 58385],[59767, 58389],[59771, 58394],[59776, 58394],[59780, 58403],[59785, 58403],[59789, 58407],[59794, 58407],[59794, 58411],[59798, 58420],[59811, 58429],[59816, 58434],[59820, 58443],[59829, 58452],[59834, 58456],[59834, 58465],[59838, 58474],[59843, 58483],[59847, 58487],[59852, 58501],[59852, 58510],[59856, 58523],[59860, 58536],[59860, 58545],[59865, 58559],[59865, 58572],[59869, 58577],[59869, 58586],[59869, 58599],[59869, 58603],[59869, 58617],[59869, 58635],[59865, 58648],[59865, 58661],[59865, 58675],[59860, 58688],[59860, 58702],[59860, 58737],[59856, 58760],[59852, 58782],[59852, 58800],[59847, 58809],[59843, 58818],[59843, 58827],[59838, 58836],[59834, 58836],[59829, 58844],[59825, 58858],[59811, 58871],[59807, 58876],[59802, 58880],[59798, 58889],[59794, 58894],[59780, 58907],[59780, 58925],[59780, 58929],[59780, 58934],[59785, 58943],[59789, 58956],[59794, 58965],[59802, 58969],[59807, 58983],[59811, 58987],[59820, 58996],[59825, 59001],[59834, 59014],[59847, 59027],[59856, 59036],[59865, 59050],[59869, 59054],[59883, 59063],[59892, 59072],[59901, 59077],[59910, 59086],[59932, 59094],[59959, 59108],[59985, 59121],[59999, 59130],[60008, 59135],[60021, 59139],[60048, 59144],[60075, 59148],[60097, 59157],[60115, 59157],[60119, 59161],[60124, 59161],[60133, 59166],[60133, 59170],[60137, 59170],[60137, 59175],[60137, 59193],[60137, 59206],[60137, 59219],[60133, 59228],[60133, 59242],[60128, 59246],[60124, 59260],[60119, 59273],[60106, 59286],[60093, 59313],[60084, 59327],[60075, 59344],[60070, 59349],[60066, 59353],[60052, 59362],[60048, 59371],[60035, 59380],[60021, 59398],[60003, 59420],[60003, 59425],[59994, 59434],[59985, 59452],[59977, 59469],[59972, 59492],[59963, 59505],[59954, 59536],[59945, 59559],[59932, 59572],[59914, 59599],[59905, 59612],[59896, 59630],[59887, 59657],[59887, 59666],[59883, 59679],[59874, 59684],[59874, 59693],[59869, 59702],[59869, 59710],[59869, 59719],[59869, 59728],[59865, 59746],[59860, 59764],[59856, 59777],[59856, 59786],[59856, 59800],[59856, 59804],[59856, 59813],[59856, 59822],[59860, 59831],[59860, 59849],[59865, 59880],[59874, 59898],[59874, 59902],[59878, 59907],[59887, 59925],[59892, 59934],[59901, 59947],[59910, 59956],[59914, 59965],[59927, 59978],[59932, 59983],[59941, 59992],[59945, 59996],[59954, 60005],[59963, 60018],[59981, 60032],[59985, 60032],[59985, 60036],[59990, 60036],[59990, 60041],[59999, 60041],[60008, 60045],[60066, 60045],[60079, 60041],[60088, 60032],[60088, 60027],[60093, 60023],[60102, 60014],[60106, 60005],[60119, 59992],[60124, 59974],[60133, 59956],[60137, 59943],[60146, 59920],[60155, 59898],[60160, 59876],[60164, 59853],[60168, 59840],[60168, 59818],[60168, 59800],[60168, 59791],[60168, 59782],[60168, 59773],[60168, 59755],[60164, 59746],[60160, 59728],[60151, 59710],[60146, 59702],[60142, 59688],[60137, 59679],[60133, 59666],[60128, 59657],[60124, 59643],[60124, 59635],[60124, 59621],[60124, 59603],[60124, 59585],[60128, 59572],[60133, 59559],[60133, 59545],[60137, 59536],[60142, 59519],[60151, 59496],[60155, 59487],[60168, 59469],[60182, 59447],[60200, 59429],[60222, 59394],[60240, 59367],[60253, 59344],[60267, 59322],[60280, 59304],[60293, 59286],[60311, 59264],[60329, 59242],[60343, 59228],[60329, 59233],[60329, 59228],[60329, 59224],[60329, 59219],[60329, 59215],[60329, 59210],[60329, 59206],[60334, 59197],[60334, 59188],[60334, 59184],[60334, 59179],[60334, 59170],[60334, 59166],[60334, 59161],[60334, 59157],[60334, 59152],[60334, 59148],[60334, 59144],[60334, 59139],[60334, 59135],[60334, 59126],[60334, 59117],[60334, 59112],[60334, 59103],[60334, 59099],[60334, 59094],[60334, 59090],[60338, 59081],[60338, 59077],[60338, 59072],[60343, 59063],[60347, 59059],[60351, 59054],[60356, 59045],[60360, 59045],[60365, 59036],[60369, 59027],[60374, 59027],[60378, 59014],[60387, 59005],[60392, 59005],[60392, 58992],[60396, 58983],[60401, 58974],[60405, 58969],[60410, 58956],[60410, 58947],[60410, 58938],[60410, 58925],[60410, 58920],[60410, 58911],[60410, 58907],[60410, 58902],[60410, 58898],[60410, 58889],[60410, 58885],[60410, 58880],[60410, 58876],[60410, 58871],[60410, 58862],[60410, 58858],[60410, 58849],[60410, 58840],[60410, 58836],[60410, 58831],[60410, 58818],[60410, 58804],[60410, 58800],[60410, 58795],[60414, 58786],[60418, 58782],[60418, 58773],[60418, 58769],[60418, 58764],[60418, 58755],[60414, 58751],[60414, 58737],[60405, 58728],[60405, 58724],[60401, 58719],[60396, 58711],[60383, 58697],[60378, 58688],[60369, 58670],[60356, 58657],[60347, 58648],[60343, 58639],[60334, 58630],[60320, 58617],[60320, 58608],[60311, 58599],[60302, 58581],[60289, 58568],[60276, 58559],[60262, 58541],[60244, 58519],[60231, 58501],[60227, 58487],[60218, 58478],[60213, 58469],[60204, 58461],[60195, 58456],[60191, 58447],[60186, 58443],[60177, 58438],[60173, 58429],[60155, 58420],[60137, 58407],[60124, 58398],[60115, 58385],[60102, 58376],[60088, 58367],[60084, 58358],[60070, 58349],[60061, 58340],[60052, 58327],[60039, 58322],[60030, 58313],[60017, 58304],[60008, 58295],[59999, 58291],[59990, 58286],[59985, 58278],[59977, 58273],[59968, 58264],[59950, 58255],[59950, 58251],[59945, 58246],[59936, 58242],[59932, 58237],[59927, 58233],[59914, 58224],[59910, 58220],[59896, 58215],[59887, 58211],[59878, 58206],[59869, 58202],[59749, 58202],[59744, 58211]]]},"properties":{"objectType":"annotation","name":"INV"}},{"type":"Feature","id":"04eba563-ca46-46d7-ba27-902690050c0b","geometry":{"type":"Polygon","coordinates":[[[62122, 58014],[62122, 58036],[62122, 58041],[62122, 58045],[62122, 58059],[62122, 58068],[62127, 58086],[62131, 58095],[62136, 58108],[62144, 58126],[62144, 58130],[62149, 58144],[62158, 58157],[62167, 58166],[62176, 58188],[62185, 58211],[62198, 58237],[62207, 58242],[62216, 58255],[62220, 58264],[62229, 58269],[62234, 58278],[62238, 58282],[62252, 58295],[62261, 58309],[62278, 58327],[62296, 58340],[62301, 58345],[62305, 58349],[62310, 58349],[62314, 58362],[62328, 58376],[62336, 58389],[62359, 58416],[62372, 58438],[62386, 58456],[62399, 58474],[62412, 58496],[62421, 58514],[62426, 58523],[62430, 58541],[62430, 58545],[62430, 58554],[62435, 58559],[62435, 58563],[62444, 58577],[62452, 58586],[62461, 58594],[62475, 58603],[62479, 58608],[62484, 58612],[62493, 58612],[62493, 58617],[62502, 58626],[62506, 58630],[62511, 58630],[62519, 58644],[62528, 58653],[62533, 58666],[62533, 58675],[62542, 58688],[62542, 58697],[62546, 58706],[62546, 58715],[62546, 58724],[62546, 58733],[62546, 58742],[62546, 58751],[62546, 58760],[62546, 58764],[62546, 58778],[62546, 58786],[62546, 58800],[62546, 58813],[62546, 58822],[62546, 58827],[62546, 58840],[62546, 58844],[62546, 58858],[62551, 58871],[62555, 58885],[62555, 58889],[62555, 58894],[62560, 58898],[62564, 58902],[62569, 58916],[62573, 58925],[62573, 58938],[62573, 58947],[62577, 58956],[62582, 58965],[62586, 58974],[62591, 58987],[62600, 59001],[62604, 59010],[62609, 59014],[62613, 59019],[62613, 59027],[62613, 59032],[62618, 59045],[62618, 59050],[62618, 59054],[62622, 59059],[62627, 59068],[62627, 59086],[62627, 59094],[62627, 59103],[62627, 59112],[62627, 59126],[62631, 59130],[62631, 59144],[62636, 59152],[62640, 59166],[62644, 59170],[62658, 59175],[62658, 59179],[62667, 59188],[62676, 59193],[62685, 59197],[62698, 59206],[62707, 59206],[62711, 59210],[62725, 59224],[62729, 59224],[62743, 59233],[62747, 59237],[62756, 59242],[62765, 59251],[62774, 59255],[62778, 59264],[62783, 59269],[62881, 59269],[62890, 59264],[62899, 59255],[62899, 59251],[62899, 59246],[62903, 59242],[62912, 59228],[62917, 59224],[62917, 59219],[62921, 59210],[62926, 59206],[62935, 59188],[62944, 59175],[62952, 59161],[62957, 59157],[62961, 59152],[62966, 59148],[62975, 59139],[62979, 59135],[62988, 59130],[63002, 59121],[63002, 59117],[63006, 59117],[63015, 59112],[63019, 59108],[63024, 59099],[63037, 59099],[63082, 59063],[63109, 59036],[63131, 59014],[63149, 58996],[63158, 58978],[63162, 58969],[63171, 58961],[63180, 58952],[63189, 58934],[63189, 58920],[63198, 58916],[63198, 58907],[63207, 58898],[63207, 58889],[63207, 58885],[63207, 58880],[63207, 58867],[63207, 58853],[63207, 58840],[63207, 58831],[63207, 58809],[63207, 58795],[63207, 58769],[63207, 58751],[63207, 58737],[63207, 58719],[63207, 58702],[63207, 58693],[63202, 58675],[63198, 58666],[63194, 58653],[63189, 58644],[63185, 58626],[63180, 58617],[63176, 58612],[63171, 58608],[63162, 58608],[63158, 58603],[63149, 58594],[63135, 58590],[63122, 58586],[63033, 58586],[62984, 58590],[62877, 58603],[62827, 58608],[62783, 58612],[62747, 58612],[62725, 58608],[62569, 58608],[62564, 58603],[62560, 58603],[62555, 58586],[62555, 58563],[62555, 58545],[62555, 58532],[62560, 58523],[62560, 58519],[62573, 58505],[62586, 58492],[62604, 58465],[62609, 58456],[62618, 58443],[62631, 58429],[62640, 58420],[62671, 58403],[62711, 58380],[62734, 58367],[62756, 58358],[62761, 58353],[62765, 58349],[62778, 58336],[62796, 58318],[62801, 58313],[62810, 58304],[62814, 58300],[62819, 58295],[62832, 58278],[62845, 58260],[62859, 58246],[62868, 58237],[62872, 58224],[62881, 58211],[62890, 58193],[62899, 58175],[62903, 58166],[62908, 58157],[62908, 58148],[62912, 58135],[62917, 58112],[62917, 58090],[62917, 58063],[62903, 58041],[62899, 58032],[62894, 58019],[62890, 58010],[62877, 57992],[62868, 57970],[62850, 57943],[62841, 57934],[62832, 57912],[62823, 57898],[62810, 57880],[62792, 57858],[62783, 57836],[62774, 57822],[62769, 57809],[62769, 57800],[62761, 57787],[62756, 57782],[62752, 57769],[62747, 57764],[62743, 57764],[62707, 57746],[62662, 57728],[62622, 57720],[62573, 57715],[62537, 57711],[62435, 57711],[62412, 57720],[62399, 57728],[62386, 57737],[62377, 57742],[62368, 57746],[62363, 57755],[62350, 57773],[62332, 57778],[62319, 57791],[62305, 57804],[62296, 57809],[62287, 57818],[62269, 57822],[62256, 57831],[62252, 57836],[62243, 57840],[62238, 57840],[62234, 57845],[62225, 57849],[62220, 57858],[62216, 57862],[62189, 57885],[62176, 57903],[62162, 57912],[62158, 57916],[62153, 57920],[62149, 57929],[62144, 57934],[62140, 57943],[62136, 57956],[62136, 57970],[62127, 57992],[62122, 58014]]]},"properties":{"objectType":"annotation","name":"INV"}},{"type":"Feature","id":"a4b5f0ab-f8b0-45e0-88f5-cdc4e8ba6a52","geometry":{"type":"Polygon","coordinates":[[[64734, 63080],[64734, 63086],[64734, 63107],[64738, 63100],[64738, 63104],[64741, 63104],[64765, 63117],[64813, 63134],[64858, 63152],[64875, 63165],[64875, 63169],[64882, 63179],[64885, 63189],[64885, 63203],[64885, 63231],[64885, 63251],[64885, 63272],[64889, 63299],[64896, 63327],[64903, 63365],[64903, 63389],[64909, 63423],[64909, 63461],[64909, 63516],[64909, 63553],[64909, 63588],[64909, 63615],[64909, 63646],[64909, 63667],[64909, 63698],[64909, 63718],[64909, 63753],[64916, 63804],[64944, 63859],[64981, 63941],[65012, 63993],[65054, 64038],[65129, 64099],[65181, 64134],[65232, 64158],[65260, 64171],[65277, 64182],[65315, 64199],[65335, 64220],[65363, 64237],[65390, 64261],[65424, 64292],[65438, 64305],[65452, 64319],[65459, 64329],[65476, 64347],[65497, 64384],[65510, 64415],[65524, 64436],[65538, 64460],[65545, 64477],[65565, 64518],[65576, 64539],[65586, 64566],[65600, 64601],[65620, 64628],[65651, 64673],[65679, 64697],[65699, 64721],[65709, 64741],[65723, 64759],[65751, 64776],[65833, 64810],[65977, 64858],[66087, 64899],[66221, 64944],[66269, 64978],[66293, 64992],[66345, 65020],[66396, 65037],[66451, 65051],[66479, 65054],[66544, 65054],[66602, 65051],[66647, 65051],[66709, 65040],[66743, 65037],[66791, 65030],[66839, 65023],[66918, 65016],[66925, 65013],[66942, 65006],[66976, 64996],[67052, 64978],[67066, 64968],[67076, 64965],[67083, 64958],[67107, 64951],[67138, 64944],[67169, 64941],[67196, 64934],[67220, 64930],[67220, 64927],[67224, 64927],[67244, 64920],[67286, 64906],[67306, 64899],[67330, 64889],[67344, 64882],[67382, 64865],[67464, 64838],[67495, 64827],[67533, 64810],[67564, 64796],[67581, 64783],[67598, 64748],[67612, 64714],[67625, 64666],[67625, 64635],[67629, 64618],[67643, 64573],[67656, 64532],[67667, 64467],[67667, 64439],[67667, 64405],[67663, 64357],[67653, 64271],[67650, 64223],[67639, 64175],[67632, 64141],[67608, 64075],[67588, 64020],[67557, 63959],[67529, 63907],[67509, 63856],[67488, 63825],[67478, 63811],[67440, 63780],[67368, 63729],[67310, 63691],[67272, 63670],[67231, 63653],[67121, 63622],[67049, 63612],[66891, 63612],[66788, 63622],[66688, 63636],[66575, 63653],[66475, 63667],[66396, 63694],[66328, 63701],[66310, 63698],[66279, 63687],[66276, 63680],[66231, 63656],[66187, 63639],[66118, 63612],[66049, 63588],[65967, 63550],[65933, 63526],[65905, 63505],[65867, 63478],[65816, 63437],[65778, 63402],[65754, 63378],[65747, 63368],[65737, 63354],[65727, 63330],[65723, 63316],[65720, 63306],[65709, 63289],[65689, 63268],[65668, 63234],[65654, 63210],[65624, 63172],[65589, 63131],[65555, 63110],[65538, 63097],[65507, 63086],[65459, 63076],[65387, 63062],[65315, 63052],[65232, 63035],[65181, 63025],[65119, 63007],[65071, 62994],[65030, 62987],[64975, 62987],[64913, 62997],[64858, 63004],[64817, 63021],[64762, 63052],[64745, 63069],[64734, 63080]]]},"properties":{"objectType":"annotation","name":"ST"}},{"type":"Feature","id":"762d4ea7-5a3f-40e4-9a79-9c18cf017ed6","geometry":{"type":"Polygon","coordinates":[[[43865, 57363],[43865, 57411],[43865, 57432],[43865, 57456],[43865, 57473],[43868, 57483],[43872, 57497],[43875, 57507],[43879, 57514],[43886, 57524],[43889, 57528],[43896, 57538],[43906, 57548],[43913, 57559],[43923, 57566],[43930, 57576],[43941, 57586],[43947, 57593],[43954, 57600],[43961, 57607],[43971, 57617],[43978, 57624],[43985, 57634],[43989, 57638],[43989, 57641],[43995, 57645],[43999, 57655],[44009, 57669],[44016, 57675],[44020, 57686],[44026, 57699],[44037, 57717],[44040, 57727],[44044, 57744],[44050, 57758],[44050, 57765],[44057, 57778],[44061, 57789],[44068, 57799],[44068, 57809],[44071, 57820],[44074, 57827],[44078, 57827],[44085, 57833],[44088, 57840],[44102, 57851],[44119, 57864],[44136, 57878],[44150, 57888],[44171, 57895],[44208, 57906],[44229, 57912],[44246, 57916],[44270, 57916],[44291, 57919],[44318, 57923],[44339, 57926],[44363, 57926],[44384, 57930],[44401, 57930],[44421, 57933],[44449, 57936],[44473, 57940],[44490, 57943],[44555, 57943],[44562, 57940],[44572, 57940],[44583, 57936],[44593, 57930],[44607, 57926],[44620, 57916],[44631, 57909],[44641, 57906],[44651, 57899],[44669, 57892],[44682, 57885],[44696, 57878],[44706, 57875],[44710, 57871],[44717, 57868],[44727, 57864],[44741, 57854],[44754, 57844],[44765, 57830],[44768, 57827],[44775, 57820],[44785, 57813],[44792, 57803],[44796, 57785],[44802, 57772],[44809, 57761],[44809, 57758],[44813, 57748],[44816, 57737],[44820, 57724],[44823, 57710],[44823, 57703],[44826, 57696],[44826, 57693],[44826, 57686],[44826, 57682],[44826, 57665],[44830, 57651],[44830, 57641],[44830, 57624],[44830, 57610],[44833, 57593],[44840, 57566],[44840, 57555],[44840, 57538],[44847, 57521],[44851, 57500],[44857, 57473],[44861, 57452],[44861, 57439],[44864, 57428],[44864, 57414],[44864, 57404],[44864, 57390],[44864, 57377],[44864, 57363],[44864, 57353],[44864, 57336],[44864, 57318],[44861, 57298],[44857, 57274],[44854, 57257],[44851, 57243],[44847, 57239],[44847, 57233],[44844, 57226],[44844, 57208],[44844, 57195],[44837, 57181],[44833, 57171],[44826, 57164],[44823, 57154],[44820, 57147],[44813, 57129],[44802, 57116],[44792, 57102],[44789, 57088],[44785, 57075],[44782, 57064],[44782, 57040],[44782, 57033],[44785, 57030],[44785, 57026],[44796, 57020],[44809, 57013],[44823, 57006],[44840, 56996],[44854, 56989],[44861, 56985],[44871, 56985],[44875, 56978],[44902, 56972],[44923, 56965],[44950, 56958],[44974, 56948],[44995, 56941],[45012, 56934],[45026, 56927],[45036, 56923],[45050, 56917],[45057, 56913],[45067, 56910],[45077, 56903],[45081, 56899],[45081, 56896],[45084, 56893],[45087, 56882],[45087, 56875],[45087, 56858],[45087, 56851],[45087, 56838],[45087, 56831],[45084, 56814],[45084, 56793],[45084, 56772],[45081, 56731],[45070, 56700],[45063, 56676],[45060, 56652],[45060, 56635],[45060, 56618],[45060, 56601],[45060, 56580],[45060, 56570],[45063, 56556],[45067, 56542],[45070, 56525],[45077, 56505],[45084, 56494],[45084, 56484],[45087, 56470],[45091, 56460],[45094, 56453],[45098, 56439],[45101, 56432],[45108, 56419],[45111, 56402],[45115, 56388],[45122, 56377],[45125, 56364],[45129, 56353],[45132, 56350],[45136, 56340],[45139, 56333],[45142, 56326],[45146, 56319],[45149, 56316],[45153, 56309],[45153, 56305],[45153, 56299],[45156, 56295],[45160, 56292],[45160, 56288],[45163, 56281],[45163, 56271],[45163, 56257],[45163, 56244],[45160, 56233],[45160, 56220],[45156, 56209],[45153, 56192],[45142, 56192],[45101, 56196],[45029, 56199],[44926, 56216],[44826, 56247],[44823, 56254],[44820, 56257],[44816, 56261],[44813, 56271],[44802, 56285],[44796, 56302],[44796, 56309],[44792, 56319],[44792, 56323],[44789, 56329],[44785, 56333],[44775, 56340],[44768, 56350],[44758, 56353],[44747, 56364],[44706, 56364],[44693, 56360],[44631, 56360],[44586, 56357],[44538, 56347],[44504, 56343],[44480, 56340],[44480, 56343],[44476, 56343],[44476, 56347],[44469, 56350],[44466, 56353],[44466, 56357],[44462, 56357],[44462, 56360],[44459, 56360],[44456, 56364],[44452, 56364],[44445, 56367],[44428, 56381],[44425, 56381],[44425, 56384],[44421, 56388],[44414, 56391],[44408, 56398],[44408, 56402],[44404, 56405],[44397, 56412],[44394, 56419],[44387, 56426],[44387, 56429],[44384, 56432],[44377, 56432],[44373, 56439],[44370, 56446],[44363, 56450],[44356, 56460],[44346, 56470],[44339, 56477],[44339, 56481],[44335, 56484],[44325, 56491],[44318, 56501],[44311, 56508],[44294, 56518],[44284, 56522],[44277, 56529],[44267, 56532],[44260, 56542],[44250, 56549],[44243, 56556],[44232, 56559],[44215, 56570],[44195, 56584],[44167, 56594],[44150, 56608],[44136, 56614],[44126, 56625],[44123, 56628],[44116, 56635],[44112, 56638],[44109, 56649],[44102, 56662],[44092, 56676],[44085, 56690],[44078, 56700],[44071, 56724],[44061, 56741],[44054, 56759],[44047, 56776],[44044, 56786],[44040, 56803],[44033, 56827],[44030, 56844],[44023, 56862],[44016, 56882],[44009, 56913],[43995, 56954],[43985, 56992],[43978, 57030],[43975, 57057],[43968, 57075],[43965, 57085],[43958, 57112],[43947, 57140],[43937, 57164],[43917, 57202],[43906, 57222],[43903, 57233],[43899, 57239],[43896, 57246],[43892, 57253],[43886, 57270],[43875, 57298],[43868, 57325],[43865, 57363]]]},"properties":{"objectType":"annotation","name":"N"}},{"type":"Feature","id":"bb5926f8-1239-496c-aa95-3ba961aadf33","geometry":{"type":"Polygon","coordinates":[[[54140, 58724],[54140, 58733],[54140, 58737],[54140, 58742],[54140, 58746],[54140, 58751],[54140, 58764],[54140, 58777],[54144, 58791],[54153, 58818],[54153, 58827],[54162, 58844],[54171, 58867],[54180, 58880],[54189, 58889],[54189, 58898],[54193, 58898],[54193, 58902],[54202, 58902],[54206, 58916],[54206, 58920],[54215, 58925],[54224, 58938],[54229, 58947],[54233, 58952],[54238, 58960],[54242, 58965],[54247, 58978],[54251, 58983],[54256, 58992],[54260, 59001],[54265, 59010],[54273, 59018],[54278, 59023],[54282, 59023],[54287, 59027],[54287, 59032],[54296, 59036],[54300, 59036],[54305, 59041],[54318, 59041],[54336, 59045],[54354, 59054],[54358, 59054],[54381, 59059],[54403, 59068],[54430, 59072],[54448, 59077],[54461, 59081],[54470, 59085],[54483, 59090],[54492, 59094],[54514, 59094],[54528, 59099],[54541, 59103],[54550, 59108],[54559, 59108],[54573, 59112],[54581, 59117],[54604, 59121],[54626, 59130],[54644, 59135],[54653, 59143],[54657, 59148],[54666, 59152],[54671, 59157],[54671, 59170],[54671, 59175],[54671, 59188],[54671, 59202],[54666, 59215],[54662, 59233],[54662, 59242],[54657, 59260],[54648, 59277],[54644, 59295],[54639, 59304],[54631, 59318],[54626, 59322],[54622, 59335],[54617, 59340],[54617, 59349],[54617, 59353],[54617, 59358],[54622, 59367],[54626, 59376],[54626, 59385],[54626, 59398],[54631, 59411],[54639, 59429],[54644, 59434],[54648, 59443],[54653, 59451],[54662, 59465],[54671, 59474],[54680, 59492],[54693, 59510],[54698, 59527],[54715, 59550],[54724, 59563],[54742, 59585],[54756, 59599],[54769, 59608],[54778, 59608],[54791, 59617],[54800, 59621],[54809, 59626],[54818, 59626],[54827, 59630],[54979, 59630],[54992, 59626],[55006, 59626],[55023, 59621],[55041, 59621],[55055, 59617],[55064, 59617],[55064, 59612],[55072, 59612],[55081, 59608],[55090, 59603],[55108, 59599],[55126, 59594],[55135, 59590],[55139, 59585],[55144, 59581],[55157, 59576],[55162, 59572],[55171, 59563],[55180, 59554],[55193, 59536],[55202, 59514],[55202, 59501],[55202, 59492],[55202, 59483],[55202, 59469],[55197, 59460],[55197, 59451],[55197, 59438],[55193, 59434],[55189, 59429],[55189, 59420],[55184, 59416],[55180, 59407],[55171, 59398],[55162, 59393],[55153, 59389],[55139, 59385],[55126, 59380],[55117, 59376],[55108, 59376],[55086, 59371],[55059, 59371],[55037, 59367],[55001, 59367],[54988, 59362],[54965, 59353],[54961, 59349],[54952, 59344],[54943, 59340],[54930, 59335],[54916, 59326],[54907, 59318],[54889, 59309],[54881, 59304],[54881, 59300],[54867, 59291],[54854, 59286],[54840, 59273],[54827, 59264],[54818, 59260],[54805, 59251],[54796, 59242],[54787, 59237],[54764, 59228],[54747, 59219],[54747, 59215],[54738, 59210],[54733, 59206],[54729, 59202],[54729, 59197],[54724, 59188],[54720, 59179],[54715, 59170],[54711, 59166],[54711, 59161],[54711, 59152],[54711, 59148],[54706, 59139],[54706, 59135],[54702, 59126],[54702, 59121],[54698, 59108],[54693, 59099],[54693, 59090],[54693, 59085],[54689, 59077],[54689, 59068],[54684, 59059],[54684, 59045],[54680, 59041],[54675, 59027],[54675, 59018],[54671, 59005],[54666, 58996],[54662, 58987],[54657, 58983],[54653, 58969],[54648, 58965],[54648, 58952],[54639, 58934],[54631, 58925],[54626, 58916],[54622, 58907],[54617, 58894],[54608, 58885],[54599, 58871],[54595, 58867],[54586, 58853],[54581, 58844],[54577, 58840],[54573, 58831],[54568, 58822],[54564, 58818],[54559, 58809],[54555, 58804],[54550, 58795],[54546, 58786],[54537, 58777],[54532, 58773],[54528, 58764],[54523, 58755],[54514, 58746],[54506, 58733],[54497, 58728],[54492, 58719],[54488, 58715],[54483, 58710],[54470, 58710],[54461, 58702],[54452, 58697],[54443, 58688],[54430, 58684],[54421, 58675],[54416, 58670],[54407, 58670],[54403, 58666],[54385, 58666],[54376, 58661],[54372, 58657],[54300, 58657],[54278, 58661],[54260, 58666],[54247, 58670],[54233, 58675],[54224, 58679],[54211, 58684],[54193, 58693],[54157, 58706],[54148, 58715],[54157, 58715],[54157, 58719],[54148, 58719],[54140, 58724]]]},"properties":{"objectType":"annotation","name":"VS"}},{"type":"Feature","id":"608c4391-d0a7-4663-9cde-0f17765cf0e3","geometry":{"type":"Polygon","coordinates":[[[56086, 58704],[56086, 58707],[56086, 58709],[56086, 58715],[56086, 58720],[56086, 58728],[56086, 58736],[56086, 58744],[56086, 58746],[56086, 58749],[56086, 58754],[56088, 58757],[56091, 58762],[56096, 58767],[56102, 58778],[56107, 58781],[56109, 58781],[56112, 58783],[56115, 58783],[56120, 58788],[56125, 58796],[56128, 58802],[56131, 58804],[56133, 58807],[56136, 58815],[56139, 58820],[56139, 58828],[56139, 58831],[56139, 58839],[56139, 58844],[56139, 58849],[56139, 58857],[56139, 58862],[56139, 58873],[56139, 58878],[56139, 58881],[56141, 58886],[56141, 58889],[56144, 58891],[56144, 58894],[56146, 58897],[56149, 58897],[56152, 58899],[56154, 58902],[56160, 58902],[56162, 58907],[56165, 58910],[56170, 58915],[56178, 58915],[56181, 58921],[56186, 58923],[56189, 58928],[56191, 58934],[56194, 58939],[56197, 58944],[56197, 58950],[56197, 58955],[56197, 58960],[56197, 58968],[56197, 58976],[56197, 58987],[56194, 59000],[56194, 59010],[56194, 59016],[56191, 59021],[56189, 59026],[56186, 59031],[56186, 59037],[56183, 59045],[56181, 59047],[56178, 59058],[56178, 59061],[56178, 59066],[56178, 59071],[56178, 59076],[56178, 59084],[56178, 59092],[56181, 59103],[56183, 59108],[56186, 59108],[56186, 59111],[56189, 59116],[56191, 59119],[56197, 59121],[56199, 59124],[56226, 59124],[56231, 59121],[56231, 59119],[56236, 59116],[56244, 59116],[56252, 59113],[56257, 59108],[56273, 59095],[56279, 59087],[56279, 59076],[56279, 59071],[56276, 59068],[56273, 59068],[56273, 59066],[56271, 59063],[56268, 59058],[56265, 59055],[56265, 59053],[56263, 59050],[56263, 59045],[56263, 59042],[56263, 59037],[56263, 59034],[56263, 59026],[56263, 59024],[56265, 59024],[56268, 59021],[56271, 59018],[56276, 59016],[56279, 59016],[56286, 59013],[56300, 59008],[56379, 59008],[56384, 59005],[56397, 59005],[56403, 59002],[56413, 59002],[56419, 59000],[56426, 59000],[56429, 58997],[56432, 58994],[56440, 58994],[56442, 58992],[56445, 58987],[56450, 58984],[56450, 58981],[56456, 58979],[56458, 58973],[56463, 58968],[56469, 58960],[56471, 58960],[56471, 58958],[56474, 58955],[56477, 58950],[56479, 58942],[56482, 58936],[56487, 58931],[56487, 58926],[56487, 58923],[56487, 58915],[56487, 58910],[56487, 58905],[56487, 58899],[56487, 58891],[56485, 58881],[56482, 58876],[56479, 58868],[56477, 58862],[56477, 58857],[56471, 58852],[56469, 58844],[56461, 58833],[56456, 58823],[56442, 58810],[56432, 58796],[56424, 58783],[56419, 58775],[56413, 58773],[56408, 58765],[56400, 58757],[56392, 58749],[56387, 58741],[56379, 58736],[56374, 58728],[56368, 58725],[56360, 58722],[56358, 58717],[56353, 58712],[56347, 58709],[56342, 58704],[56337, 58701],[56329, 58696],[56326, 58693],[56323, 58688],[56318, 58685],[56316, 58685],[56310, 58680],[56305, 58678],[56300, 58675],[56292, 58675],[56286, 58672],[56281, 58670],[56276, 58667],[56265, 58664],[56260, 58664],[56244, 58662],[56173, 58662],[56165, 58664],[56157, 58664],[56146, 58667],[56133, 58670],[56123, 58670],[56120, 58672],[56115, 58672],[56109, 58675],[56099, 58683],[56094, 58683],[56094, 58685],[56094, 58691],[56091, 58696],[56088, 58699],[56086, 58704]]]},"properties":{"objectType":"annotation","name":"INV"}},{"type":"Feature","id":"3136bd1d-ed3b-4084-93f3-e41fa57e935c","geometry":{"type":"Polygon","coordinates":[[[59469, 67899],[59469, 67909],[59469, 67923],[59469, 67930],[59469, 67940],[59469, 67947],[59469, 67957],[59469, 67964],[59469, 67968],[59469, 67971],[59469, 67981],[59473, 67988],[59473, 67995],[59480, 67999],[59490, 67999],[59490, 67995],[59493, 67992],[59493, 67988],[59497, 67988],[59500, 67985],[59504, 67978],[59511, 67968],[59514, 67954],[59517, 67947],[59521, 67944],[59521, 67940],[59528, 67937],[59531, 67933],[59535, 67927],[59538, 67923],[59541, 67920],[59541, 67916],[59541, 67913],[59541, 67909],[59545, 67909],[59548, 67906],[59552, 67899],[59562, 67896],[59572, 67889],[59583, 67882],[59590, 67878],[59596, 67872],[59607, 67861],[59614, 67854],[59624, 67851],[59631, 67844],[59634, 67841],[59638, 67841],[59641, 67834],[59644, 67827],[59651, 67827],[59658, 67820],[59669, 67817],[59672, 67813],[59679, 67810],[59689, 67803],[59696, 67796],[59703, 67796],[59713, 67793],[59723, 67786],[59737, 67779],[59761, 67772],[59782, 67765],[59820, 67755],[59844, 67748],[59871, 67738],[59885, 67738],[59899, 67734],[59919, 67731],[59988, 67717],[60043, 67710],[60081, 67710],[60098, 67707],[60111, 67703],[60125, 67703],[60166, 67696],[60208, 67690],[60263, 67683],[60300, 67683],[60331, 67676],[60352, 67669],[60369, 67666],[60390, 67655],[60414, 67648],[60438, 67642],[60469, 67631],[60493, 67621],[60527, 67600],[60551, 67590],[60578, 67576],[60599, 67566],[60627, 67552],[60644, 67542],[60661, 67535],[60678, 67525],[60695, 67514],[60709, 67504],[60719, 67497],[60723, 67487],[60736, 67477],[60740, 67466],[60747, 67460],[60750, 67456],[60754, 67446],[60760, 67439],[60767, 67432],[60771, 67429],[60778, 67429],[60791, 67422],[60822, 67408],[60874, 67394],[60963, 67394],[60973, 67398],[60991, 67401],[61021, 67405],[61056, 67408],[61097, 67422],[61138, 67429],[61159, 67432],[61186, 67432],[61214, 67429],[61234, 67425],[61262, 67422],[61276, 67415],[61293, 67408],[61306, 67401],[61317, 67394],[61330, 67387],[61344, 67381],[61351, 67374],[61358, 67363],[61368, 67357],[61372, 67339],[61382, 67326],[61389, 67305],[61403, 67284],[61413, 67264],[61416, 67233],[61416, 67212],[61416, 67188],[61416, 67164],[61409, 67133],[61406, 67113],[61399, 67096],[61396, 67075],[61385, 67047],[61379, 67030],[61372, 67010],[61361, 66986],[61348, 66958],[61337, 66934],[61320, 66914],[61306, 66896],[61296, 66879],[61279, 66855],[61269, 66838],[61245, 66814],[61231, 66797],[61207, 66773],[61183, 66745],[61166, 66728],[61148, 66711],[61131, 66694],[61114, 66677],[61100, 66659],[61090, 66642],[61083, 66629],[61076, 66618],[61063, 66594],[61052, 66567],[61049, 66556],[61039, 66536],[61025, 66515],[61015, 66498],[61008, 66481],[60997, 66464],[60987, 66447],[60977, 66433],[60966, 66416],[60960, 66409],[60946, 66392],[60929, 66378],[60915, 66368],[60901, 66361],[60884, 66347],[60863, 66333],[60853, 66326],[60846, 66320],[60833, 66313],[60815, 66302],[60798, 66289],[60778, 66271],[60754, 66258],[60743, 66244],[60733, 66237],[60723, 66234],[60705, 66227],[60695, 66223],[60548, 66223],[60541, 66227],[60530, 66230],[60527, 66234],[60527, 66237],[60527, 66241],[60527, 66258],[60527, 66261],[60530, 66261],[60530, 66265],[60534, 66265],[60541, 66271],[60548, 66282],[60554, 66296],[60565, 66313],[60565, 66344],[60565, 66357],[60561, 66368],[60558, 66378],[60558, 66388],[60551, 66402],[60551, 66412],[60544, 66429],[60537, 66447],[60534, 66464],[60534, 66477],[60534, 66488],[60534, 66498],[60534, 66505],[60537, 66515],[60541, 66522],[60548, 66532],[60548, 66536],[60548, 66539],[60548, 66543],[60551, 66546],[60554, 66553],[60558, 66563],[60565, 66584],[60568, 66598],[60572, 66605],[60572, 66608],[60572, 66615],[60572, 66618],[60575, 66622],[60582, 66635],[60589, 66649],[60596, 66666],[60599, 66673],[60599, 66687],[60599, 66701],[60599, 66714],[60599, 66721],[60599, 66728],[60596, 66738],[60596, 66745],[60592, 66759],[60589, 66766],[60585, 66776],[60582, 66787],[60578, 66793],[60575, 66804],[60568, 66807],[60558, 66821],[60558, 66824],[60551, 66835],[60544, 66838],[60537, 66845],[60517, 66859],[60510, 66866],[60496, 66876],[60486, 66879],[60479, 66886],[60465, 66893],[60445, 66900],[60407, 66910],[60386, 66917],[60369, 66924],[60355, 66931],[60345, 66938],[60331, 66948],[60317, 66955],[60311, 66958],[60256, 66958],[60249, 66955],[60239, 66948],[60225, 66944],[60208, 66938],[60184, 66931],[60156, 66924],[60084, 66924],[60077, 66927],[60070, 66927],[60067, 66934],[60063, 66938],[60063, 66941],[60063, 66944],[60063, 66951],[60060, 66958],[60057, 66972],[60053, 66982],[60050, 66993],[60046, 67003],[60039, 67017],[60032, 67034],[60022, 67058],[60015, 67075],[60012, 67085],[60012, 67102],[60012, 67113],[60012, 67120],[60015, 67133],[60019, 67147],[60019, 67171],[60022, 67188],[60022, 67199],[60026, 67209],[60026, 67212],[60029, 67216],[60029, 67219],[60032, 67229],[60036, 67240],[60043, 67254],[60046, 67260],[60053, 67267],[60057, 67271],[60060, 67274],[60070, 67278],[60077, 67284],[60087, 67288],[60091, 67288],[60098, 67291],[60115, 67291],[60122, 67295],[60132, 67295],[60146, 67298],[60160, 67302],[60166, 67302],[60170, 67308],[60180, 67312],[60184, 67315],[60187, 67315],[60187, 67319],[60187, 67322],[60190, 67336],[60190, 67350],[60194, 67363],[60197, 67370],[60197, 67374],[60197, 67377],[60197, 67381],[60197, 67391],[60197, 67398],[60197, 67408],[60197, 67415],[60197, 67425],[60194, 67436],[60187, 67453],[60177, 67470],[60160, 67484],[60151, 67490],[60146, 67490],[60139, 67494],[60129, 67494],[60129, 67497],[60125, 67497],[60122, 67501],[60115, 67504],[60115, 67508],[60108, 67511],[60105, 67514],[60101, 67518],[60098, 67521],[60091, 67525],[60084, 67532],[60074, 67539],[60063, 67545],[60057, 67552],[60053, 67559],[60043, 67563],[60029, 67569],[60019, 67576],[60008, 67587],[59998, 67590],[59991, 67593],[59984, 67604],[59971, 67607],[59957, 67617],[59940, 67624],[59916, 67631],[59902, 67635],[59892, 67638],[59878, 67638],[59861, 67642],[59840, 67645],[59809, 67655],[59761, 67662],[59727, 67666],[59696, 67676],[59682, 67679],[59669, 67683],[59651, 67686],[59638, 67690],[59624, 67696],[59617, 67700],[59610, 67703],[59596, 67710],[59579, 67717],[59562, 67724],[59555, 67731],[59541, 67741],[59538, 67745],[59531, 67748],[59528, 67755],[59528, 67758],[59524, 67772],[59511, 67793],[59504, 67810],[59493, 67827],[59483, 67851],[59480, 67861],[59476, 67882],[59469, 67899]]]},"properties":{"objectType":"annotation","name":"INV"}},{"type":"Feature","id":"748f624c-036f-401c-bc05-9f8fd48655da","geometry":{"type":"Polygon","coordinates":[[[57814, 67775],[57818, 67793],[57832, 67811],[57832, 67815],[57850, 67842],[57863, 67860],[57867, 67882],[57876, 67891],[57885, 67914],[57899, 67936],[57921, 67972],[57939, 68021],[57952, 68056],[57970, 68114],[57988, 68172],[58001, 68231],[58015, 68280],[58024, 68320],[58037, 68387],[58051, 68449],[58064, 68498],[58082, 68583],[58091, 68628],[58104, 68672],[58109, 68699],[58113, 68717],[58126, 68744],[58135, 68766],[58158, 68797],[58193, 68833],[58211, 68855],[58242, 68878],[58269, 68891],[58354, 68940],[58443, 68998],[58479, 69030],[58515, 69065],[58546, 69097],[58591, 69137],[58608, 69150],[58622, 69159],[58671, 69186],[58698, 69213],[58720, 69226],[58751, 69217],[58769, 69208],[58823, 69199],[58845, 69190],[58872, 69177],[58921, 69163],[58979, 69141],[59010, 69132],[59024, 69123],[59055, 69114],[59077, 69110],[59135, 69101],[59180, 69088],[59269, 69052],[59318, 69021],[59341, 68985],[59349, 68958],[59349, 68940],[59349, 68922],[59349, 68900],[59354, 68878],[59358, 68864],[59363, 68864],[59385, 68842],[59408, 68824],[59412, 68815],[59416, 68802],[59439, 68771],[59461, 68753],[59483, 68726],[59497, 68717],[59510, 68713],[59537, 68708],[59617, 68708],[59689, 68735],[59765, 68775],[59823, 68811],[59832, 68811],[59836, 68806],[59849, 68789],[59854, 68775],[59854, 68766],[59854, 68753],[59858, 68735],[59863, 68722],[59867, 68695],[59872, 68672],[59872, 68628],[59872, 68597],[59872, 68579],[59872, 68543],[59872, 68521],[59867, 68489],[59858, 68458],[59841, 68431],[59823, 68400],[59769, 68347],[59720, 68306],[59689, 68275],[59631, 68231],[59599, 68208],[59577, 68195],[59541, 68168],[59501, 68150],[59461, 68132],[59416, 68123],[59296, 68114],[59220, 68101],[59149, 68092],[59050, 68079],[58979, 68070],[58939, 68065],[58890, 68056],[58863, 68043],[58832, 68007],[58832, 68003],[58827, 67994],[58818, 67954],[58814, 67905],[58800, 67824],[58783, 67771],[58751, 67681],[58729, 67601],[58693, 67503],[58653, 67454],[58613, 67431],[58555, 67409],[58073, 67409],[58019, 67414],[57952, 67431],[57917, 67454],[57881, 67507],[57859, 67534],[57845, 67565],[57823, 67632],[57816.98, 67692.14],[57814, 67775]]]},"properties":{"objectType":"annotation","name":"ST"}},{"type":"Feature","id":"1e417845-2f8a-414b-9264-7743b4c8526c","geometry":{"type":"Polygon","coordinates":[[[55471, 68965],[55471, 68992],[55471, 69007],[55471, 69026],[55477, 69050],[55479, 69071],[55485, 69087],[55490, 69105],[55501, 69124],[55508, 69139],[55514, 69158],[55524, 69171],[55532, 69184],[55543, 69198],[55556, 69205],[55559, 69213],[55567, 69221],[55577, 69229],[55590, 69237],[55601, 69242],[55609, 69248],[55619, 69253],[55633, 69266],[55654, 69279],[55675, 69293],[55701, 69316],[55717, 69332],[55741, 69351],[55767, 69375],[55796, 69393],[55812, 69401],[55833, 69411],[55849, 69414],[55862, 69417],[55881, 69417],[55889, 69419],[55902, 69419],[55907, 69425],[55915, 69427],[55918, 69430],[55926, 69433],[55931, 69438],[55944, 69446],[55952, 69454],[55960, 69459],[55971, 69467],[55984, 69478],[55994, 69491],[56010, 69509],[56021, 69520],[56034, 69528],[56042, 69536],[56050, 69544],[56058, 69549],[56063, 69554],[56074, 69562],[56087, 69570],[56100, 69578],[56111, 69586],[56153, 69586],[56161, 69583],[56177, 69583],[56193, 69581],[56211, 69575],[56224, 69570],[56248, 69559],[56253, 69557],[56267, 69549],[56272, 69546],[56288, 69536],[56298, 69528],[56309, 69517],[56322, 69504],[56330, 69499],[56338, 69491],[56348, 69483],[56356, 69475],[56370, 69464],[56375, 69459],[56377, 69456],[56380, 69454],[56383, 69448],[56388, 69443],[56396, 69433],[56401, 69425],[56409, 69414],[56420, 69404],[56425, 69398],[56430, 69390],[56436, 69388],[56443, 69377],[56451, 69372],[56457, 69369],[56465, 69364],[56470, 69361],[56475, 69356],[56483, 69351],[56488, 69345],[56496, 69343],[56499, 69340],[56502, 69340],[56517, 69335],[56533, 69330],[56560, 69316],[56576, 69306],[56578, 69306],[56581, 69303],[56581, 69298],[56581, 69295],[56578, 69293],[56578, 69290],[56576, 69279],[56570, 69264],[56565, 69245],[56562, 69224],[56554, 69198],[56549, 69182],[56546, 69161],[56539, 69139],[56536, 69124],[56533, 69108],[56531, 69097],[56525, 69081],[56520, 69065],[56515, 69047],[56510, 69031],[56507, 69026],[56504, 69018],[56502, 69007],[56494, 68994],[56486, 68984],[56480, 68970],[56468.86, 68957],[56465, 68957],[56465, 68955],[56462, 68955],[56459, 68949],[56451, 68944],[56438, 68933],[56430, 68925],[56422, 68918],[56412, 68907],[56404, 68899],[56391, 68891],[56380, 68883],[56370, 68873],[56364, 68867],[56359, 68867],[56351, 68862],[56343, 68857],[56335, 68854],[56327, 68852],[56311, 68849],[56290, 68846],[56248, 68841],[56203, 68833],[56177, 68828],[56150, 68822],[56137, 68817],[56105, 68815],[56079, 68812],[56026, 68799],[55989, 68788],[55955, 68778],[55934, 68772],[55913, 68770],[55799, 68770],[55778, 68772],[55725, 68772],[55699, 68780],[55693, 68783],[55683, 68785],[55675, 68791],[55654, 68799],[55630, 68809],[55596, 68817],[55590, 68820],[55580, 68828],[55569, 68833],[55561, 68836],[55556, 68841],[55551, 68844],[55548, 68846],[55537, 68857],[55522, 68875],[55508, 68891],[55493, 68912],[55482, 68936],[55471, 68965]]]},"properties":{"objectType":"annotation","name":"N"}},{"type":"Feature","id":"7808ce84-0f70-43a4-9883-8c4edf92ac19","geometry":{"type":"Polygon","coordinates":[[[53011, 72387],[53011, 72415],[53011, 72453],[53011, 72480],[53011, 72504],[53011, 72528],[53014, 72549],[53021, 72583],[53025, 72607],[53025, 72648],[53028, 72683],[53035, 72710],[53038, 72738],[53038, 72755],[53049, 72782],[53055, 72820],[53062, 72854],[53066, 72885],[53073, 72906],[53080, 72916],[53086, 72933],[53097, 72951],[53104, 72964],[53117, 72985],[53131, 72995],[53148, 73002],[53217, 73012],[53272, 73019],[53320, 73019],[53320, 73023],[53323, 73023],[53323, 73026],[53330, 73026],[53334, 73030],[53337, 73030],[53337, 73033],[53340, 73033],[53347, 73040],[53354, 73047],[53354, 73054],[53358, 73054],[53361, 73057],[53365, 73064],[53368, 73064],[53371, 73071],[53378, 73074],[53382, 73081],[53389, 73088],[53395, 73095],[53402, 73102],[53406, 73105],[53416, 73115],[53416, 73119],[53423, 73122],[53430, 73126],[53433, 73129],[53437, 73133],[53440, 73133],[53443, 73136],[53457, 73139],[53478, 73146],[53495, 73157],[53505, 73160],[53519, 73170],[53522, 73174],[53536, 73184],[53550, 73198],[53560, 73212],[53567, 73218],[53577, 73229],[53588, 73239],[53591, 73242],[53595, 73256],[53605, 73270],[53608, 73277],[53612, 73291],[53615, 73301],[53619, 73308],[53619, 73318],[53619, 73328],[53619, 73342],[53619, 73356],[53619, 73366],[53619, 73373],[53619, 73383],[53622, 73387],[53625, 73397],[53629, 73400],[53632, 73407],[53636, 73407],[53636, 73411],[53643, 73414],[53653, 73421],[53660, 73424],[53667, 73428],[53684, 73435],[53694, 73438],[53708, 73445],[53715, 73445],[53722, 73448],[53728, 73452],[53739, 73452],[53742, 73455],[53856, 73455],[53859, 73452],[53866, 73448],[53869, 73445],[53876, 73442],[53880, 73442],[53890, 73438],[53904, 73431],[53941, 73431],[53955, 73435],[54230, 73435],[54230, 73431],[54237, 73431],[54247, 73428],[54254, 73428],[54264, 73418],[54271, 73414],[54271, 73411],[54274, 73407],[54281, 73404],[54292, 73390],[54295, 73383],[54494, 73383],[54501, 73387],[54505, 73394],[54511, 73404],[54518, 73411],[54532, 73424],[54539, 73438],[54546, 73452],[54553, 73459],[54559, 73469],[54570, 73483],[54590, 73497],[54604, 73503],[54604, 73507],[54614, 73510],[54632, 73510],[54642, 73514],[54649, 73514],[54662, 73517],[54697, 73517],[54697, 73521],[54704, 73531],[54707, 73538],[54711, 73551],[54717, 73558],[54724, 73565],[54728, 73572],[54738, 73586],[54741, 73596],[54748, 73600],[54748, 73606],[54755, 73610],[54762, 73620],[54769, 73630],[54772, 73630],[54776, 73634],[54779, 73637],[54783, 73641],[54793, 73648],[54796, 73654],[54800, 73658],[54800, 73661],[54803, 73661],[54810, 73668],[54810, 73672],[54810, 73675],[54810, 73679],[54810, 73689],[54814, 73692],[54820, 73692],[54824, 73699],[54827, 73706],[54834, 73709],[54838, 73713],[54838, 73716],[54841, 73723],[54851, 73730],[54855, 73733],[54858, 73740],[54862, 73744],[54865, 73747],[54872, 73747],[54879, 73751],[54882, 73751],[54882, 73754],[54886, 73758],[54893, 73761],[54899, 73761],[54899, 73764],[54903, 73768],[54906, 73771],[54910, 73775],[54934, 73778],[54982, 73788],[54996, 73795],[55020, 73802],[55050, 73802],[55071, 73795],[55160, 73795],[55191, 73792],[55219, 73788],[55222, 73792],[55226, 73795],[55229, 73799],[55232, 73802],[55291, 73826],[55298, 73826],[55305, 73830],[55360, 73830],[55360, 73826],[55397, 73823],[55418, 73819],[55445, 73812],[55452, 73809],[55452, 73799],[55452, 73792],[55452, 73788],[55452, 73778],[55449, 73771],[55449, 73754],[55449, 73733],[55445, 73720],[55445, 73716],[55445, 73713],[55445, 73706],[55445, 73703],[55445, 73699],[55445, 73696],[55445, 73689],[55442, 73682],[55442, 73679],[55439, 73675],[55435, 73665],[55435, 73658],[55432, 73648],[55428, 73644],[55425, 73641],[55421, 73630],[55421, 73627],[55404, 73617],[55387, 73606],[55380, 73603],[55366, 73593],[55349, 73582],[55335, 73576],[55325, 73569],[55318, 73558],[55311, 73551],[55305, 73545],[55305, 73538],[55301, 73534],[55301, 73531],[55301, 73527],[55298, 73521],[55298, 73517],[55294, 73510],[55294, 73507],[55294, 73503],[55294, 73500],[55294, 73497],[55291, 73490],[55281, 73472],[55281, 73466],[55277, 73462],[55274, 73455],[55270, 73455],[55270, 73448],[55263, 73442],[55260, 73435],[55253, 73431],[55250, 73424],[55239, 73421],[55232, 73418],[55222, 73414],[55208, 73411],[55202, 73404],[55178, 73394],[55171, 73390],[55171, 73387],[55167, 73383],[55164, 73383],[55160, 73380],[55157, 73373],[55154, 73369],[55143, 73359],[55133, 73349],[55119, 73342],[55099, 73335],[55071, 73321],[55061, 73315],[55050, 73311],[55040, 73308],[55020, 73301],[55009, 73297],[54996, 73294],[54982, 73291],[54968, 73291],[54958, 73287],[54934, 73284],[54893, 73280],[54855, 73277],[54841, 73273],[54838, 73273],[54834, 73270],[54831, 73266],[54820, 73260],[54810, 73249],[54796, 73232],[54779, 73208],[54769, 73191],[54762, 73177],[54755, 73163],[54748, 73150],[54741, 73136],[54731, 73133],[54724, 73122],[54714, 73109],[54711, 73102],[54704, 73095],[54700, 73091],[54693, 73084],[54683, 73078],[54676, 73074],[54649, 73074],[54642, 73071],[54625, 73067],[54608, 73060],[54597, 73054],[54594, 73050],[54590, 73047],[54590, 73043],[54587, 73036],[54584, 73030],[54580, 73012],[54577, 72999],[54577, 72985],[54573, 72975],[54573, 72961],[54566, 72947],[54563, 72930],[54546, 72899],[54535, 72882],[54532, 72872],[54525, 72868],[54522, 72865],[54522, 72861],[54515, 72858],[54505, 72851],[54501, 72848],[54494, 72841],[54487, 72837],[54480, 72830],[54474, 72820],[54460, 72810],[54453, 72803],[54450, 72796],[54446, 72793],[54436, 72779],[54426, 72765],[54419, 72751],[54412, 72738],[54405, 72727],[54398, 72717],[54395, 72703],[54388, 72690],[54384, 72679],[54377, 72662],[54374, 72652],[54371, 72631],[54367, 72621],[54360, 72604],[54350, 72590],[54347, 72583],[54343, 72573],[54343, 72569],[54336, 72569],[54329, 72566],[54323, 72556],[54319, 72556],[54309, 72545],[54292, 72532],[54281, 72521],[54261, 72508],[54250, 72494],[54237, 72480],[54230, 72470],[54216, 72460],[54202, 72442],[54178, 72418],[54165, 72405],[54158, 72398],[54147, 72394],[54120, 72384],[54089, 72367],[54051, 72350],[54020, 72339],[54003, 72332],[53993, 72329],[53979, 72322],[53965, 72315],[53955, 72305],[53948, 72305],[53938, 72298],[53921, 72288],[53900, 72264],[53876, 72247],[53869, 72236],[53862, 72236],[53859, 72233],[53852, 72226],[53849, 72226],[53838, 72219],[53828, 72212],[53804, 72209],[53780, 72202],[53763, 72195],[53739, 72192],[53715, 72188],[53687, 72181],[53663, 72175],[53632, 72171],[53601, 72161],[53567, 72140],[53536, 72126],[53495, 72106],[53478, 72096],[53457, 72089],[53409, 72089],[53382, 72092],[53361, 72096],[53344, 72099],[53330, 72106],[53320, 72113],[53310, 72116],[53292, 72126],[53275, 72137],[53248, 72161],[53231, 72171],[53213, 72188],[53196, 72195],[53158, 72212],[53121, 72229],[53093, 72250],[53066, 72274],[53045, 72298],[53028, 72315],[53018, 72339],[53014, 72363],[53011, 72387]]]},"properties":{"objectType":"annotation","name":"INV"}},{"type":"Feature","id":"87d47a06-7c7b-4ce3-a30f-bd8cdc335a97","geometry":{"type":"Polygon","coordinates":[[[50076, 73152],[50081, 73149],[50089, 73149],[50099, 73152],[50115, 73152],[50115, 73154],[50120, 73154],[50126, 73157],[50128, 73157],[50131, 73160],[50139, 73160],[50139, 73162],[50147, 73162],[50150, 73165],[50157, 73165],[50160, 73168],[50168, 73170],[50171, 73173],[50176, 73178],[50181, 73181],[50184, 73183],[50189, 73183],[50194, 73186],[50200, 73191],[50205, 73197],[50213, 73199],[50223, 73207],[50239, 73220],[50245, 73226],[50247, 73231],[50255, 73236],[50258, 73244],[50276, 73268],[50287, 73278],[50305, 73300],[50321, 73329],[50334, 73344],[50363, 73389],[50382, 73434],[50406, 73479],[50424, 73524],[50432, 73543],[50451, 73574],[50466, 73603],[50485, 73632],[50511, 73672],[50527, 73693],[50540, 73704],[50567, 73714],[50593, 73720],[50620, 73733],[50622, 73735],[50630, 73738],[50770, 73738],[50839, 73741],[50889, 73741],[50921, 73743],[50966, 73743],[51032, 73746],[51151, 73746],[51188, 73757],[51206, 73764],[51243, 73778],[51275, 73786],[51298, 73788],[51349, 73794],[51370, 73796],[51404, 73812],[51428, 73815],[51505, 73815],[51526, 73812],[51534, 73809],[51541, 73804],[51549, 73791],[51568, 73770],[51578, 73754],[51597, 73725],[51623, 73691],[51634, 73669],[51642, 73656],[51645, 73640],[51650, 73624],[51658, 73595],[51666, 73561],[51671, 73527],[51681, 73484],[51684, 73466],[51684, 73442],[51687, 73421],[51687, 73397],[51687, 73360],[51689, 73329],[51689, 73308],[51689, 73284],[51689, 73271],[51689, 73244],[51689, 73207],[51697, 73170],[51705, 73131],[51713, 73101],[51718, 73086],[51726, 73059],[51729, 73043],[51729, 73020],[51724, 72983],[51721, 72956],[51711, 72911],[51703, 72880],[51697, 72866],[51689, 72845],[51681, 72829],[51676, 72816],[51671, 72808],[51668, 72803],[51655, 72785],[51621, 72740],[51597, 72697],[51557, 72639],[51531, 72602],[51512, 72576],[51478, 72549],[51452, 72531],[51438, 72526],[51404, 72515],[51354, 72497],[51322, 72494],[51298, 72489],[51283, 72486],[51267, 72483],[51230, 72483],[51198, 72486],[51177, 72489],[51153, 72497],[51119, 72512],[51095, 72520],[51077, 72531],[51053, 72544],[51029, 72563],[51008, 72576],[50979, 72594],[50966, 72602],[50942, 72613],[50913, 72626],[50900, 72634],[50879, 72647],[50857, 72655],[50836, 72663],[50815, 72674],[50807, 72679],[50794, 72695],[50776, 72708],[50762, 72718],[50739, 72734],[50720, 72745],[50712, 72748],[50709, 72748],[50707, 72750],[50696, 72755],[50672, 72769],[50643, 72785],[50593, 72816],[50567, 72829],[50527, 72843],[50482, 72864],[50459, 72880],[50416, 72901],[50385, 72925],[50329, 72956],[50295, 72975],[50279, 72985],[50258, 73001],[50226, 73025],[50160, 73078],[50091, 73138],[50079.21, 73149],[50076, 73152]]]},"properties":{"objectType":"annotation","name":"ST"}},{"type":"Feature","id":"6922e9a5-403d-4e52-9d31-5804b550e8d2","geometry":{"type":"Polygon","coordinates":[[[49957, 71659],[49957, 71667],[49957, 71673],[49957, 71680],[49957, 71696],[49959, 71712],[49962, 71739],[49965, 71757],[49967, 71770],[49970, 71783],[49973, 71797],[49975, 71807],[49975, 71813],[49978, 71823],[49983, 71839],[50002, 71873],[50010, 71886],[50015, 71900],[50023, 71910],[50028, 71923],[50033, 71939],[50041, 71955],[50052, 71979],[50060, 72003],[50068, 72032],[50078, 72045],[50078, 72048],[50081, 72050],[50086, 72053],[50094, 72061],[50110, 72074],[50113, 72077],[50115, 72079],[50120, 72079],[50131, 72082],[50152, 72087],[50176, 72095],[50200, 72098],[50234, 72116],[50263, 72132],[50287, 72143],[50303, 72153],[50311, 72164],[50324, 72182],[50340, 72206],[50345, 72214],[50348, 72219],[50348, 72222],[50358, 72235],[50366, 72251],[50371, 72269],[50382, 72285],[50387, 72291],[50387, 72296],[50387, 72299],[50390, 72301],[50406, 72325],[50424, 72343],[50437, 72362],[50456, 72383],[50485, 72407],[50511, 72428],[50538, 72441],[50556, 72457],[50569, 72465],[50583, 72473],[50593, 72481],[50604, 72483],[50625, 72489],[50670, 72489],[50683, 72486],[50691, 72486],[50699, 72483],[50712, 72481],[50725, 72475],[50733, 72473],[50744, 72468],[50752, 72465],[50765, 72460],[50778, 72454],[50786, 72449],[50799, 72444],[50812, 72439],[50826, 72436],[50836, 72431],[50857, 72417],[50871, 72409],[50881, 72402],[50894, 72394],[50905, 72391],[50915, 72383],[50921, 72378],[50926, 72372],[50937, 72367],[50939, 72362],[50950, 72351],[50958, 72346],[50963, 72338],[50976, 72322],[50984, 72312],[50992, 72301],[51000, 72293],[51008, 72288],[51011, 72280],[51021, 72269],[51026, 72262],[51032, 72251],[51040, 72243],[51048, 72232],[51053, 72222],[51053, 72219],[51061, 72206],[51063, 72198],[51061, 72196],[51055, 72193],[51050, 72193],[51050, 72190],[51050, 72188],[51050, 72182],[51050, 72180],[51050, 72177],[51050, 72174],[51050, 72169],[51050, 72164],[51048, 72156],[51045, 72151],[51037, 72140],[51034, 72140],[51034, 72137],[51029, 72135],[51021, 72132],[51016, 72124],[51008, 72119],[51005, 72116],[51003, 72114],[50997, 72111],[50995, 72108],[50984, 72100],[50976, 72095],[50966, 72090],[50958, 72085],[50942, 72077],[50934, 72071],[50926, 72063],[50926, 72061],[50915, 72053],[50908, 72045],[50900, 72034],[50889, 72026],[50884, 72019],[50873, 72011],[50865, 72003],[50863, 72000],[50860, 71997],[50855, 71992],[50847, 71989],[50836, 71984],[50823, 71974],[50810, 71966],[50794, 71958],[50786, 71952],[50781, 71945],[50776, 71942],[50773, 71939],[50768, 71934],[50760, 71923],[50752, 71908],[50741, 71889],[50736, 71868],[50720, 71831],[50704, 71791],[50688, 71760],[50678, 71736],[50665, 71709],[50646, 71686],[50630, 71665],[50609, 71636],[50599, 71628],[50593, 71625],[50591, 71622],[50588, 71620],[50583, 71620],[50569, 71614],[50554, 71609],[50538, 71601],[50530, 71596],[50519, 71596],[50498, 71591],[50363, 71591],[50348, 71593],[50340, 71593],[50324, 71596],[50152, 71596],[50134, 71593],[50086, 71593],[50039, 71599],[49994, 71601],[49991, 71601],[49991, 71604],[49988, 71604],[49986, 71606],[49980, 71614],[49975, 71622],[49970, 71636],[49962, 71646],[49957, 71659]]]},"properties":{"objectType":"annotation","name":"GC"}},{"type":"Feature","id":"754c928e-57a5-48c6-9cbe-01be73812b28","geometry":{"type":"Polygon","coordinates":[[[49141, 71052],[49162, 71023],[49162, 71025],[49162, 71031],[49162, 71033],[49162, 71041],[49164, 71047],[49167, 71049],[49172, 71049],[49172, 71052],[49172, 71057],[49172, 71062],[49175, 71070],[49177, 71076],[49177, 71083],[49177, 71091],[49177, 71097],[49177, 71102],[49177, 71107],[49177, 71110],[49177, 71120],[49177, 71131],[49177, 71136],[49177, 71144],[49180, 71147],[49180, 71152],[49180, 71155],[49183, 71157],[49183, 71160],[49185, 71168],[49191, 71173],[49196, 71184],[49201, 71192],[49207, 71200],[49214, 71208],[49217, 71210],[49228, 71216],[49238, 71226],[49249, 71234],[49259, 71245],[49270, 71255],[49281, 71266],[49291, 71279],[49296, 71287],[49299, 71292],[49304, 71300],[49307, 71311],[49315, 71324],[49317, 71337],[49317, 71345],[49317, 71358],[49317, 71366],[49317, 71369],[49315, 71374],[49307, 71390],[49299, 71403],[49299, 71408],[49299, 71416],[49299, 71419],[49299, 71424],[49299, 71430],[49299, 71435],[49299, 71440],[49299, 71445],[49299, 71451],[49299, 71456],[49304, 71466],[49310, 71480],[49315, 71493],[49323, 71503],[49331, 71511],[49333, 71514],[49336, 71517],[49344, 71519],[49354, 71527],[49368, 71533],[49381, 71540],[49389, 71548],[49394, 71548],[49402, 71551],[49420, 71556],[49444, 71559],[49645, 71559],[49679, 71554],[49700, 71551],[49716, 71548],[49727, 71543],[49743, 71540],[49759, 71535],[49782, 71525],[49803, 71517],[49819, 71509],[49843, 71493],[49856, 71485],[49862, 71485],[49867, 71482],[49877, 71482],[49883, 71480],[49893, 71477],[49904, 71472],[49907, 71469],[49909, 71466],[49912, 71464],[49917, 71459],[49925, 71456],[49930, 71448],[49933, 71445],[49938, 71443],[49938, 71435],[49946, 71424],[49954, 71414],[49959, 71398],[49965, 71379],[49967, 71374],[49970, 71369],[49970, 71361],[49973, 71353],[49973, 71348],[49975, 71340],[49978, 71332],[49978, 71326],[49978, 71319],[49978, 71316],[49978, 71311],[49980, 71303],[49983, 71290],[49986, 71284],[49988, 71279],[49988, 71276],[49991, 71271],[49996, 71260],[50002, 71253],[50007, 71245],[50017, 71234],[50025, 71223],[50031, 71216],[50041, 71205],[50057, 71197],[50065, 71189],[50083, 71176],[50097, 71168],[50105, 71163],[50107, 71163],[50118, 71157],[50126, 71155],[50144, 71152],[50152, 71150],[50168, 71147],[50184, 71144],[50229, 71144],[50245, 71142],[50274, 71139],[50295, 71139],[50316, 71136],[50337, 71136],[50353, 71131],[50374, 71128],[50398, 71126],[50427, 71118],[50440, 71113],[50451, 71110],[50464, 71105],[50485, 71091],[50493, 71078],[50501, 71062],[50503, 71054],[50503, 71044],[50503, 71041],[50501, 71033],[50501, 71028],[50501, 71015],[50501, 71004],[50501, 70986],[50501, 70970],[50501, 70959],[50501, 70951],[50501, 70946],[50501, 70936],[50501, 70933],[50501, 70925],[50501, 70922],[50501, 70914],[50501, 70907],[50501, 70901],[50498, 70899],[50498, 70896],[50498, 70891],[50496, 70891],[50496, 70888],[50493, 70885],[50490, 70880],[50488, 70875],[50482, 70867],[50477, 70859],[50469, 70851],[50461, 70838],[50445, 70825],[50437, 70811],[50424, 70798],[50416, 70788],[50406, 70777],[50400, 70772],[50395, 70769],[50385, 70761],[50374, 70753],[50369, 70753],[50363, 70751],[50282, 70751],[50260, 70748],[50213, 70748],[50197, 70745],[50184, 70743],[50179, 70737],[50173, 70737],[50165, 70732],[50160, 70724],[50152, 70716],[50142, 70703],[50134, 70693],[50126, 70682],[50110, 70664],[50102, 70661],[50099, 70656],[50097, 70653],[50091, 70653],[50086, 70648],[50078, 70645],[50068, 70640],[50060, 70637],[50046, 70632],[49959, 70632],[49949, 70634],[49936, 70634],[49909, 70637],[49875, 70640],[49822, 70653],[49772, 70656],[49735, 70661],[49677, 70671],[49640, 70682],[49592, 70690],[49537, 70700],[49487, 70711],[49442, 70732],[49399, 70756],[49354, 70772],[49328, 70788],[49310, 70801],[49294, 70811],[49286, 70822],[49275, 70833],[49262, 70846],[49241, 70867],[49228, 70880],[49220, 70896],[49214, 70909],[49209, 70922],[49204, 70938],[49193, 70962],[49180, 70980],[49170, 71007],[49154, 71028],[49141, 71052]]]},"properties":{"objectType":"annotation","name":"GC"}}]}